cl:drug, total number of features,target percentage of total,total number of significant features,target percentage of significant,drug targets,number of targets,percent significant,significant targets,insignificant targets
MV-4-11::Rucaparib,130,0.7692307692307693,13,7.6923076923076925,['KMT2A(S516);'],1,100.0,['KMT2A(S516);'],set()
OCI-AML2::Fulvestrant,130,5.384615384615385,13,30.76923076923077,"['RB1(S811);', 'RUNX1(S276);', 'RUNX1(S249);', 'RUNX1(S21);', 'RBL2(S672);', 'RUNX1(S276);', 'CDKN1A(S130);']",7,57.14285714285714,"['RB1(S811);', 'RUNX1(S249);', 'RBL2(S672);', 'RUNX1(S276);']","{'RUNX1(S21);', 'CDKN1A(S130);'}"
OCI-AML2::Erlotinib,130,1.5384615384615385,13,7.6923076923076925,"['STAT3(S727);', 'FADD(S194);']",2,50.0,['STAT3(S727);'],{'FADD(S194);'}
MV-4-11::Erlotinib,130,1.5384615384615385,13,7.6923076923076925,"['STAT3(S727);', 'FADD(S194);']",2,50.0,['STAT3(S727);'],{'FADD(S194);'}
KMOE-2::Cetuximab,130,1.5384615384615385,13,7.6923076923076925,"['TAL1(S122);', 'MAPK1(T185);']",2,50.0,['TAL1(S122);'],{'MAPK1(T185);'}
SNU-387::Cabozantinib,130,2.307692307692308,13,7.6923076923076925,"['JUN(S63);', 'GATA2(S192);', 'JUN(S63);']",3,33.33333333333333,['JUN(S63);'],{'GATA2(S192);'}
OE33::Cabozantinib,130,2.307692307692308,13,7.6923076923076925,"['JUN(S63);', 'GATA2(S192);', 'JUN(S63);']",3,33.33333333333333,['JUN(S63);'],{'GATA2(S192);'}
MV-4-11::Cisplatin,130,2.307692307692308,13,7.6923076923076925,"['KMT2A(S516);', 'STAT3(S727);', 'FADD(S194);']",3,33.33333333333333,['KMT2A(S516);'],"{'STAT3(S727);', 'FADD(S194);'}"
OCI-AML2::Cabozantinib,130,2.307692307692308,13,7.6923076923076925,"['JUN(S63);', 'GATA2(S192);', 'JUN(S63);']",3,33.33333333333333,['JUN(S63);'],{'GATA2(S192);'}
MV-4-11::Cabozantinib,130,2.307692307692308,13,7.6923076923076925,"['JUN(S63);', 'GATA2(S192);', 'JUN(S63);']",3,33.33333333333333,['JUN(S63);'],{'GATA2(S192);'}
SNU-398::Cabozantinib,130,2.307692307692308,13,7.6923076923076925,"['JUN(S63);', 'GATA2(S192);', 'JUN(S63);']",3,33.33333333333333,['JUN(S63);'],{'GATA2(S192);'}
MV-4-11::Docetaxel,130,2.307692307692308,13,7.6923076923076925,"['MYC(T58);', 'STAT3(S727);', 'FADD(S194);']",3,33.33333333333333,['MYC(T58);'],"{'STAT3(S727);', 'FADD(S194);'}"
OCI-AML2::Sorafenib,130,3.076923076923077,13,7.6923076923076925,"['BAD(S118);', 'MAPK6(S189);', 'MAPK7(S731);', 'MEF2D(S180);']",4,25.0,['MAPK6(S189);'],"{'MEF2D(S180);', 'MAPK7(S731);', 'BAD(S118);'}"
SKM-1::Sorafenib,130,3.076923076923077,13,7.6923076923076925,"['BAD(S118);', 'MAPK6(S189);', 'MAPK7(S731);', 'MEF2D(S180);']",4,25.0,['MAPK6(S189);'],"{'MEF2D(S180);', 'MAPK7(S731);', 'BAD(S118);'}"
MV-4-11::Sorafenib,130,3.076923076923077,13,7.6923076923076925,"['BAD(S118);', 'MAPK6(S189);', 'MAPK7(S731);', 'MEF2D(S180);']",4,25.0,['MAPK6(S189);'],"{'MEF2D(S180);', 'MAPK7(S731);', 'BAD(S118);'}"
KMOE-2::Sorafenib,130,3.076923076923077,13,7.6923076923076925,"['BAD(S118);', 'MAPK6(S189);', 'MAPK7(S731);', 'MEF2D(S180);']",4,25.0,['MAPK6(S189);'],"{'MEF2D(S180);', 'MAPK7(S731);', 'BAD(S118);'}"
OCI-AML2::Bleomycin,130,12.307692307692308,13,23.076923076923077,"['STAT3(S727);', 'EIF4ENIF1(S374);', 'STMN1(S38);', 'HSF1(S363);', 'JUN(S63);', 'SIRT1(S47);', 'BCL2L11(S77);', 'EIF4ENIF1(S587);', 'TWIST1(S68);', 'ATF2(T69);', 'MYC(S62);', 'ATF2(T69);', 'RCSD1(S68);', 'CDKN1A(S130);', 'CDC25C(S168);', 'IRS1(S636);']",16,18.75,"['STAT3(S727);', 'EIF4ENIF1(S374);', 'MYC(S62);']","{'STMN1(S38);', 'RCSD1(S68);', 'BCL2L11(S77);', 'CDKN1A(S130);', 'HSF1(S363);', 'SIRT1(S47);', 'TWIST1(S68);', 'IRS1(S636);', 'CDC25C(S168);', 'JUN(S63);', 'EIF4ENIF1(S587);', 'ATF2(T69);'}"
OCI-AML2::Bexarotene,130,12.307692307692308,13,23.076923076923077,"['STAT3(S727);', 'EIF4ENIF1(S374);', 'STMN1(S38);', 'HSF1(S363);', 'JUN(S63);', 'SIRT1(S47);', 'BCL2L11(S77);', 'EIF4ENIF1(S587);', 'TWIST1(S68);', 'ATF2(T69);', 'MYC(S62);', 'ATF2(T69);', 'RCSD1(S68);', 'CDKN1A(S130);', 'CDC25C(S168);', 'IRS1(S636);']",16,18.75,"['STAT3(S727);', 'EIF4ENIF1(S374);', 'MYC(S62);']","{'STMN1(S38);', 'RCSD1(S68);', 'BCL2L11(S77);', 'CDKN1A(S130);', 'HSF1(S363);', 'SIRT1(S47);', 'TWIST1(S68);', 'IRS1(S636);', 'CDC25C(S168);', 'JUN(S63);', 'EIF4ENIF1(S587);', 'ATF2(T69);'}"
SKM-1::Temozolomide,130,8.461538461538462,13,15.384615384615385,"['PNKP(S126);', 'RAD50(S635);', 'NBN(S397);', 'UFL1(S462);', 'ABRAXAS1(S406);', 'BRCA1(S1542);', 'TP53BP1(T302);', 'EIF4EBP1(S112);', 'HNF1A(S249);', 'BRCA1(S1524);', 'BRCA1(S1524);']",11,18.181818181818183,"['PNKP(S126);', 'ABRAXAS1(S406);']","{'UFL1(S462);', 'TP53BP1(T302);', 'EIF4EBP1(S112);', 'NBN(S397);', 'HNF1A(S249);', 'BRCA1(S1542);', 'BRCA1(S1524);', 'RAD50(S635);'}"
SNU-387::Temozolomide,130,8.461538461538462,13,15.384615384615385,"['PNKP(S126);', 'RAD50(S635);', 'NBN(S397);', 'UFL1(S462);', 'ABRAXAS1(S406);', 'BRCA1(S1542);', 'TP53BP1(T302);', 'EIF4EBP1(S112);', 'HNF1A(S249);', 'BRCA1(S1524);', 'BRCA1(S1524);']",11,18.181818181818183,"['ABRAXAS1(S406);', 'TP53BP1(T302);']","{'UFL1(S462);', 'EIF4EBP1(S112);', 'NBN(S397);', 'PNKP(S126);', 'HNF1A(S249);', 'BRCA1(S1542);', 'BRCA1(S1524);', 'RAD50(S635);'}"
SKM-1::Talazoparib,130,8.461538461538462,13,15.384615384615385,"['PNKP(S126);', 'RAD50(S635);', 'NBN(S397);', 'UFL1(S462);', 'ABRAXAS1(S406);', 'BRCA1(S1542);', 'TP53BP1(T302);', 'EIF4EBP1(S112);', 'HNF1A(S249);', 'BRCA1(S1524);', 'BRCA1(S1524);']",11,18.181818181818183,"['PNKP(S126);', 'ABRAXAS1(S406);']","{'UFL1(S462);', 'TP53BP1(T302);', 'EIF4EBP1(S112);', 'NBN(S397);', 'HNF1A(S249);', 'BRCA1(S1542);', 'BRCA1(S1524);', 'RAD50(S635);'}"
KMOE-2::Temozolomide,130,8.461538461538462,13,15.384615384615385,"['PNKP(S126);', 'RAD50(S635);', 'NBN(S397);', 'UFL1(S462);', 'ABRAXAS1(S406);', 'BRCA1(S1542);', 'TP53BP1(T302);', 'EIF4EBP1(S112);', 'HNF1A(S249);', 'BRCA1(S1524);', 'BRCA1(S1524);']",11,18.181818181818183,"['NBN(S397);', 'HNF1A(S249);']","{'UFL1(S462);', 'TP53BP1(T302);', 'EIF4EBP1(S112);', 'PNKP(S126);', 'ABRAXAS1(S406);', 'BRCA1(S1542);', 'BRCA1(S1524);', 'RAD50(S635);'}"
SNU-387::Talazoparib,130,8.461538461538462,13,15.384615384615385,"['PNKP(S126);', 'RAD50(S635);', 'NBN(S397);', 'UFL1(S462);', 'ABRAXAS1(S406);', 'BRCA1(S1542);', 'TP53BP1(T302);', 'EIF4EBP1(S112);', 'HNF1A(S249);', 'BRCA1(S1524);', 'BRCA1(S1524);']",11,18.181818181818183,"['ABRAXAS1(S406);', 'TP53BP1(T302);']","{'UFL1(S462);', 'EIF4EBP1(S112);', 'NBN(S397);', 'PNKP(S126);', 'HNF1A(S249);', 'BRCA1(S1542);', 'BRCA1(S1524);', 'RAD50(S635);'}"
MV-4-11::Dabrafenib,130,4.615384615384616,13,7.6923076923076925,"['MAPK1(T185);', 'TAL1(S122);', 'MAPK1(T185);', 'JUN(S63);', 'GATA2(S192);', 'JUN(S63);']",6,16.666666666666664,['TAL1(S122);'],"{'GATA2(S192);', 'MAPK1(T185);', 'JUN(S63);'}"
SNU-398::Dabrafenib,130,4.615384615384616,13,7.6923076923076925,"['MAPK1(T185);', 'TAL1(S122);', 'MAPK1(T185);', 'JUN(S63);', 'GATA2(S192);', 'JUN(S63);']",6,16.666666666666664,['TAL1(S122);'],"{'GATA2(S192);', 'MAPK1(T185);', 'JUN(S63);'}"
SNU-387::Dabrafenib,130,4.615384615384616,13,7.6923076923076925,"['MAPK1(T185);', 'TAL1(S122);', 'MAPK1(T185);', 'JUN(S63);', 'GATA2(S192);', 'JUN(S63);']",6,16.666666666666664,['TAL1(S122);'],"{'GATA2(S192);', 'MAPK1(T185);', 'JUN(S63);'}"
OCI-AML2::Dabrafenib,130,4.615384615384616,13,7.6923076923076925,"['MAPK1(T185);', 'TAL1(S122);', 'MAPK1(T185);', 'JUN(S63);', 'GATA2(S192);', 'JUN(S63);']",6,16.666666666666664,['TAL1(S122);'],"{'GATA2(S192);', 'MAPK1(T185);', 'JUN(S63);'}"
OCI-AML2::Palbociclib,130,9.230769230769232,13,15.384615384615385,"['RB1(S811);', 'RUNX1(S276);', 'RUNX1(S249);', 'RUNX1(S21);', 'RBL2(S672);', 'RUNX1(S276);', 'CDKN1A(S130);', 'RB1(T826);', 'RB1(S811);', 'RB1(S249);', 'RBL1(S650);', 'HNF1A(S249);']",12,16.666666666666664,"['CDKN1A(S130);', 'RB1(S249);']","{'RUNX1(S249);', 'RB1(S811);', 'HNF1A(S249);', 'RBL2(S672);', 'RB1(T826);', 'RUNX1(S21);', 'RBL1(S650);', 'RUNX1(S276);'}"
MV-4-11::Palbociclib,130,9.230769230769232,13,15.384615384615385,"['RB1(S811);', 'RUNX1(S276);', 'RUNX1(S249);', 'RUNX1(S21);', 'RBL2(S672);', 'RUNX1(S276);', 'CDKN1A(S130);', 'RB1(T826);', 'RB1(S811);', 'RB1(S249);', 'RBL1(S650);', 'HNF1A(S249);']",12,16.666666666666664,"['RB1(T826);', 'RB1(S811);']","{'RUNX1(S249);', 'CDKN1A(S130);', 'HNF1A(S249);', 'RBL2(S672);', 'RB1(S249);', 'RUNX1(S21);', 'RBL1(S650);', 'RUNX1(S276);'}"
OE33::Dabrafenib,130,4.615384615384616,13,7.6923076923076925,"['MAPK1(T185);', 'TAL1(S122);', 'MAPK1(T185);', 'JUN(S63);', 'GATA2(S192);', 'JUN(S63);']",6,16.666666666666664,['TAL1(S122);'],"{'GATA2(S192);', 'MAPK1(T185);', 'JUN(S63);'}"
KMOE-2::Fulvestrant,130,5.384615384615385,13,7.6923076923076925,"['RB1(S811);', 'RUNX1(S276);', 'RUNX1(S249);', 'RUNX1(S21);', 'RBL2(S672);', 'RUNX1(S276);', 'CDKN1A(S130);']",7,14.285714285714285,['RUNX1(S21);'],"{'RUNX1(S249);', 'RB1(S811);', 'CDKN1A(S130);', 'RUNX1(S276);', 'RBL2(S672);'}"
MV-4-11::Fulvestrant,130,5.384615384615385,13,7.6923076923076925,"['RB1(S811);', 'RUNX1(S276);', 'RUNX1(S249);', 'RUNX1(S21);', 'RBL2(S672);', 'RUNX1(S276);', 'CDKN1A(S130);']",7,14.285714285714285,['RBL2(S672);'],"{'RUNX1(S249);', 'RB1(S811);', 'RUNX1(S21);', 'CDKN1A(S130);', 'RUNX1(S276);'}"
SNU-398::Fulvestrant,130,5.384615384615385,13,7.6923076923076925,"['RB1(S811);', 'RUNX1(S276);', 'RUNX1(S249);', 'RUNX1(S21);', 'RBL2(S672);', 'RUNX1(S276);', 'CDKN1A(S130);']",7,14.285714285714285,['RB1(S811);'],"{'RUNX1(S249);', 'RUNX1(S21);', 'CDKN1A(S130);', 'RUNX1(S276);', 'RBL2(S672);'}"
SNU-387::Olaparib,130,11.538461538461538,13,15.384615384615385,"['KMT2A(S516);', 'SYK(S295);', 'CDC25C(S216);', 'POLR2A(S1861);', 'PNKP(S126);', 'RAD50(S635);', 'NBN(S397);', 'UFL1(S462);', 'ABRAXAS1(S406);', 'BRCA1(S1542);', 'TP53BP1(T302);', 'EIF4EBP1(S112);', 'HNF1A(S249);', 'BRCA1(S1524);', 'BRCA1(S1524);']",15,13.333333333333334,"['PNKP(S126);', 'UFL1(S462);']","{'TP53BP1(T302);', 'EIF4EBP1(S112);', 'POLR2A(S1861);', 'CDC25C(S216);', 'NBN(S397);', 'HNF1A(S249);', 'ABRAXAS1(S406);', 'BRCA1(S1542);', 'KMT2A(S516);', 'BRCA1(S1524);', 'SYK(S295);', 'RAD50(S635);'}"
SKM-1::Olaparib,130,11.538461538461538,13,15.384615384615385,"['KMT2A(S516);', 'SYK(S295);', 'CDC25C(S216);', 'POLR2A(S1861);', 'PNKP(S126);', 'RAD50(S635);', 'NBN(S397);', 'UFL1(S462);', 'ABRAXAS1(S406);', 'BRCA1(S1542);', 'TP53BP1(T302);', 'EIF4EBP1(S112);', 'HNF1A(S249);', 'BRCA1(S1524);', 'BRCA1(S1524);']",15,13.333333333333334,"['KMT2A(S516);', 'PNKP(S126);']","{'UFL1(S462);', 'TP53BP1(T302);', 'EIF4EBP1(S112);', 'POLR2A(S1861);', 'CDC25C(S216);', 'NBN(S397);', 'HNF1A(S249);', 'ABRAXAS1(S406);', 'BRCA1(S1542);', 'BRCA1(S1524);', 'SYK(S295);', 'RAD50(S635);'}"
MV-4-11::Olaparib,130,11.538461538461538,13,15.384615384615385,"['KMT2A(S516);', 'SYK(S295);', 'CDC25C(S216);', 'POLR2A(S1861);', 'PNKP(S126);', 'RAD50(S635);', 'NBN(S397);', 'UFL1(S462);', 'ABRAXAS1(S406);', 'BRCA1(S1542);', 'TP53BP1(T302);', 'EIF4EBP1(S112);', 'HNF1A(S249);', 'BRCA1(S1524);', 'BRCA1(S1524);']",15,13.333333333333334,"['RAD50(S635);', 'NBN(S397);']","{'UFL1(S462);', 'TP53BP1(T302);', 'EIF4EBP1(S112);', 'POLR2A(S1861);', 'CDC25C(S216);', 'PNKP(S126);', 'HNF1A(S249);', 'ABRAXAS1(S406);', 'BRCA1(S1542);', 'KMT2A(S516);', 'BRCA1(S1524);', 'SYK(S295);'}"
SNU-387::Bleomycin,130,12.307692307692308,13,15.384615384615385,"['STAT3(S727);', 'EIF4ENIF1(S374);', 'STMN1(S38);', 'HSF1(S363);', 'JUN(S63);', 'SIRT1(S47);', 'BCL2L11(S77);', 'EIF4ENIF1(S587);', 'TWIST1(S68);', 'ATF2(T69);', 'MYC(S62);', 'ATF2(T69);', 'RCSD1(S68);', 'CDKN1A(S130);', 'CDC25C(S168);', 'IRS1(S636);']",16,12.5,"['EIF4ENIF1(S374);', 'JUN(S63);']","{'STMN1(S38);', 'MYC(S62);', 'RCSD1(S68);', 'BCL2L11(S77);', 'CDKN1A(S130);', 'HSF1(S363);', 'SIRT1(S47);', 'TWIST1(S68);', 'IRS1(S636);', 'CDC25C(S168);', 'EIF4ENIF1(S587);', 'STAT3(S727);', 'ATF2(T69);'}"
OE33::Bleomycin,130,12.307692307692308,13,15.384615384615385,"['STAT3(S727);', 'EIF4ENIF1(S374);', 'STMN1(S38);', 'HSF1(S363);', 'JUN(S63);', 'SIRT1(S47);', 'BCL2L11(S77);', 'EIF4ENIF1(S587);', 'TWIST1(S68);', 'ATF2(T69);', 'MYC(S62);', 'ATF2(T69);', 'RCSD1(S68);', 'CDKN1A(S130);', 'CDC25C(S168);', 'IRS1(S636);']",16,12.5,"['EIF4ENIF1(S374);', 'RCSD1(S68);']","{'STMN1(S38);', 'MYC(S62);', 'BCL2L11(S77);', 'CDKN1A(S130);', 'HSF1(S363);', 'SIRT1(S47);', 'TWIST1(S68);', 'IRS1(S636);', 'CDC25C(S168);', 'JUN(S63);', 'EIF4ENIF1(S587);', 'STAT3(S727);', 'ATF2(T69);'}"
SNU-398::Bexarotene,130,12.307692307692308,13,15.384615384615385,"['STAT3(S727);', 'EIF4ENIF1(S374);', 'STMN1(S38);', 'HSF1(S363);', 'JUN(S63);', 'SIRT1(S47);', 'BCL2L11(S77);', 'EIF4ENIF1(S587);', 'TWIST1(S68);', 'ATF2(T69);', 'MYC(S62);', 'ATF2(T69);', 'RCSD1(S68);', 'CDKN1A(S130);', 'CDC25C(S168);', 'IRS1(S636);']",16,12.5,"['STAT3(S727);', 'EIF4ENIF1(S374);']","{'STMN1(S38);', 'MYC(S62);', 'RCSD1(S68);', 'BCL2L11(S77);', 'CDKN1A(S130);', 'HSF1(S363);', 'SIRT1(S47);', 'TWIST1(S68);', 'IRS1(S636);', 'CDC25C(S168);', 'JUN(S63);', 'EIF4ENIF1(S587);', 'ATF2(T69);'}"
SNU-387::Bexarotene,130,12.307692307692308,13,15.384615384615385,"['STAT3(S727);', 'EIF4ENIF1(S374);', 'STMN1(S38);', 'HSF1(S363);', 'JUN(S63);', 'SIRT1(S47);', 'BCL2L11(S77);', 'EIF4ENIF1(S587);', 'TWIST1(S68);', 'ATF2(T69);', 'MYC(S62);', 'ATF2(T69);', 'RCSD1(S68);', 'CDKN1A(S130);', 'CDC25C(S168);', 'IRS1(S636);']",16,12.5,"['EIF4ENIF1(S374);', 'JUN(S63);']","{'STMN1(S38);', 'MYC(S62);', 'RCSD1(S68);', 'BCL2L11(S77);', 'CDKN1A(S130);', 'HSF1(S363);', 'SIRT1(S47);', 'TWIST1(S68);', 'IRS1(S636);', 'CDC25C(S168);', 'EIF4ENIF1(S587);', 'STAT3(S727);', 'ATF2(T69);'}"
OE33::Bexarotene,130,12.307692307692308,13,15.384615384615385,"['STAT3(S727);', 'EIF4ENIF1(S374);', 'STMN1(S38);', 'HSF1(S363);', 'JUN(S63);', 'SIRT1(S47);', 'BCL2L11(S77);', 'EIF4ENIF1(S587);', 'TWIST1(S68);', 'ATF2(T69);', 'MYC(S62);', 'ATF2(T69);', 'RCSD1(S68);', 'CDKN1A(S130);', 'CDC25C(S168);', 'IRS1(S636);']",16,12.5,"['EIF4ENIF1(S374);', 'RCSD1(S68);']","{'STMN1(S38);', 'MYC(S62);', 'BCL2L11(S77);', 'CDKN1A(S130);', 'HSF1(S363);', 'SIRT1(S47);', 'TWIST1(S68);', 'IRS1(S636);', 'CDC25C(S168);', 'JUN(S63);', 'EIF4ENIF1(S587);', 'STAT3(S727);', 'ATF2(T69);'}"
SNU-398::Trametinib,130,7.6923076923076925,13,7.6923076923076925,"['TAL1(S122);', 'MAPK1(T185);', 'MAP2K4(S257);', 'MAPK1(T185);', 'FADD(S194);', 'TP53(S392);', 'BAD(S118);', 'JUN(S63);', 'GATA2(S192);', 'JUN(S63);']",10,10.0,['MAPK1(T185);'],"{'GATA2(S192);', 'TAL1(S122);', 'TP53(S392);', 'FADD(S194);', 'MAP2K4(S257);', 'JUN(S63);', 'BAD(S118);'}"
MV-4-11::Trametinib,130,7.6923076923076925,13,7.6923076923076925,"['TAL1(S122);', 'MAPK1(T185);', 'MAP2K4(S257);', 'MAPK1(T185);', 'FADD(S194);', 'TP53(S392);', 'BAD(S118);', 'JUN(S63);', 'GATA2(S192);', 'JUN(S63);']",10,10.0,['MAPK1(T185);'],"{'GATA2(S192);', 'TAL1(S122);', 'TP53(S392);', 'FADD(S194);', 'MAP2K4(S257);', 'JUN(S63);', 'BAD(S118);'}"
OCI-AML2::Trametinib,130,7.6923076923076925,13,7.6923076923076925,"['TAL1(S122);', 'MAPK1(T185);', 'MAP2K4(S257);', 'MAPK1(T185);', 'FADD(S194);', 'TP53(S392);', 'BAD(S118);', 'JUN(S63);', 'GATA2(S192);', 'JUN(S63);']",10,10.0,['MAPK1(T185);'],"{'GATA2(S192);', 'TAL1(S122);', 'TP53(S392);', 'FADD(S194);', 'MAP2K4(S257);', 'JUN(S63);', 'BAD(S118);'}"
OCI-M1::Trametinib,130,7.6923076923076925,13,7.6923076923076925,"['TAL1(S122);', 'MAPK1(T185);', 'MAP2K4(S257);', 'MAPK1(T185);', 'FADD(S194);', 'TP53(S392);', 'BAD(S118);', 'JUN(S63);', 'GATA2(S192);', 'JUN(S63);']",10,10.0,['FADD(S194);'],"{'GATA2(S192);', 'TAL1(S122);', 'TP53(S392);', 'MAP2K4(S257);', 'MAPK1(T185);', 'JUN(S63);', 'BAD(S118);'}"
OE33::Trametinib,130,7.6923076923076925,13,7.6923076923076925,"['TAL1(S122);', 'MAPK1(T185);', 'MAP2K4(S257);', 'MAPK1(T185);', 'FADD(S194);', 'TP53(S392);', 'BAD(S118);', 'JUN(S63);', 'GATA2(S192);', 'JUN(S63);']",10,10.0,['MAPK1(T185);'],"{'GATA2(S192);', 'TAL1(S122);', 'TP53(S392);', 'FADD(S194);', 'MAP2K4(S257);', 'JUN(S63);', 'BAD(S118);'}"
SKM-1::Trametinib,130,7.6923076923076925,13,7.6923076923076925,"['TAL1(S122);', 'MAPK1(T185);', 'MAP2K4(S257);', 'MAPK1(T185);', 'FADD(S194);', 'TP53(S392);', 'BAD(S118);', 'JUN(S63);', 'GATA2(S192);', 'JUN(S63);']",10,10.0,['FADD(S194);'],"{'GATA2(S192);', 'TAL1(S122);', 'TP53(S392);', 'MAP2K4(S257);', 'MAPK1(T185);', 'JUN(S63);', 'BAD(S118);'}"
SNU-387::Trametinib,130,7.6923076923076925,13,7.6923076923076925,"['TAL1(S122);', 'MAPK1(T185);', 'MAP2K4(S257);', 'MAPK1(T185);', 'FADD(S194);', 'TP53(S392);', 'BAD(S118);', 'JUN(S63);', 'GATA2(S192);', 'JUN(S63);']",10,10.0,['MAPK1(T185);'],"{'GATA2(S192);', 'TAL1(S122);', 'TP53(S392);', 'FADD(S194);', 'MAP2K4(S257);', 'JUN(S63);', 'BAD(S118);'}"
KMOE-2::Trametinib,130,7.6923076923076925,13,7.6923076923076925,"['TAL1(S122);', 'MAPK1(T185);', 'MAP2K4(S257);', 'MAPK1(T185);', 'FADD(S194);', 'TP53(S392);', 'BAD(S118);', 'JUN(S63);', 'GATA2(S192);', 'JUN(S63);']",10,10.0,['TAL1(S122);'],"{'GATA2(S192);', 'TP53(S392);', 'FADD(S194);', 'MAP2K4(S257);', 'MAPK1(T185);', 'JUN(S63);', 'BAD(S118);'}"
KMOE-2::Temsirolimus,130,40.0,13,38.46153846153847,"['AKT1S1(S183);', 'STAT3(S727);', 'EIF4EBP1(T70);', 'EIF4EBP1(T70);', 'STAT3(S727);', 'ULK1(S758);', 'MAF1(S75);', 'ISCU(S14);', 'DAP(S51);', 'AKT1(S473);', 'AKT1(S473);', 'MAF1(S60);', 'NRBF2(S113);', 'IRS1(S636);', 'MAF1(S75);', 'EIF4EBP1(T70);', 'MAF1(S75);', 'AKT1(S473);', 'AKT1S1(S183);', 'EIF4EBP1(T70);', 'MAP2K4(S80);', 'BAD(S99);', 'PFKFB2(S466);', 'METTL1(S27);', 'BCL2L11(S87);', 'MVD(S96);', 'CCDC88A(S1417);', 'YAP1(S127);', 'SH3RF1(S304);', 'CARHSP1(S52);', 'PFKFB2(S466);', 'PFKFB2(S483);', 'BAD(S99);', 'PDE3B(S318);', 'PEA15(S116);', 'PFKFB2(S466);', 'CTNNB1(S552);', 'PDCD4(S457);', 'PFKFB2(S483);', 'PFKFB2(S483);', 'STK3(T384);', 'ATXN1(S775);', 'TBC1D4(T642);', 'DAB2IP(S971);', 'ACLY(S455);', 'MTOR(S2448);', 'BAD(S118);', 'FOXO3(S253);', 'FOXO3(S253);', 'AGAP2(S985);', 'CDCA7(T163);', 'HSPB1(S82);']",52,9.615384615384617,"['AKT1S1(S183);', 'NRBF2(S113);', 'IRS1(S636);', 'YAP1(S127);', 'PFKFB2(S466);']","{'MAF1(S75);', 'MAP2K4(S80);', 'ACLY(S455);', 'EIF4EBP1(T70);', 'PDE3B(S318);', 'CDCA7(T163);', 'AKT1(S473);', 'CARHSP1(S52);', 'MTOR(S2448);', 'BCL2L11(S87);', 'FOXO3(S253);', 'CTNNB1(S552);', 'BAD(S99);', 'PDCD4(S457);', 'BAD(S118);', 'DAP(S51);', 'MAF1(S60);', 'CCDC88A(S1417);', 'ATXN1(S775);', 'PFKFB2(S483);', 'MVD(S96);', 'HSPB1(S82);', 'METTL1(S27);', 'ISCU(S14);', 'TBC1D4(T642);', 'DAB2IP(S971);', 'SH3RF1(S304);', 'PEA15(S116);', 'ULK1(S758);', 'STK3(T384);', 'STAT3(S727);', 'AGAP2(S985);'}"
OE33::Temsirolimus,130,40.0,13,38.46153846153847,"['AKT1S1(S183);', 'STAT3(S727);', 'EIF4EBP1(T70);', 'EIF4EBP1(T70);', 'STAT3(S727);', 'ULK1(S758);', 'MAF1(S75);', 'ISCU(S14);', 'DAP(S51);', 'AKT1(S473);', 'AKT1(S473);', 'MAF1(S60);', 'NRBF2(S113);', 'IRS1(S636);', 'MAF1(S75);', 'EIF4EBP1(T70);', 'MAF1(S75);', 'AKT1(S473);', 'AKT1S1(S183);', 'EIF4EBP1(T70);', 'MAP2K4(S80);', 'BAD(S99);', 'PFKFB2(S466);', 'METTL1(S27);', 'BCL2L11(S87);', 'MVD(S96);', 'CCDC88A(S1417);', 'YAP1(S127);', 'SH3RF1(S304);', 'CARHSP1(S52);', 'PFKFB2(S466);', 'PFKFB2(S483);', 'BAD(S99);', 'PDE3B(S318);', 'PEA15(S116);', 'PFKFB2(S466);', 'CTNNB1(S552);', 'PDCD4(S457);', 'PFKFB2(S483);', 'PFKFB2(S483);', 'STK3(T384);', 'ATXN1(S775);', 'TBC1D4(T642);', 'DAB2IP(S971);', 'ACLY(S455);', 'MTOR(S2448);', 'BAD(S118);', 'FOXO3(S253);', 'FOXO3(S253);', 'AGAP2(S985);', 'CDCA7(T163);', 'HSPB1(S82);']",52,9.615384615384617,"['AKT1S1(S183);', 'EIF4EBP1(T70);', 'DAP(S51);', 'NRBF2(S113);', 'MAF1(S75);']","{'MAP2K4(S80);', 'ACLY(S455);', 'PDE3B(S318);', 'CDCA7(T163);', 'AKT1(S473);', 'CARHSP1(S52);', 'MTOR(S2448);', 'BCL2L11(S87);', 'IRS1(S636);', 'FOXO3(S253);', 'CTNNB1(S552);', 'BAD(S99);', 'PDCD4(S457);', 'BAD(S118);', 'YAP1(S127);', 'MAF1(S60);', 'CCDC88A(S1417);', 'ATXN1(S775);', 'PFKFB2(S483);', 'MVD(S96);', 'HSPB1(S82);', 'METTL1(S27);', 'ISCU(S14);', 'TBC1D4(T642);', 'DAB2IP(S971);', 'SH3RF1(S304);', 'PEA15(S116);', 'ULK1(S758);', 'STK3(T384);', 'PFKFB2(S466);', 'STAT3(S727);', 'AGAP2(S985);'}"
OCI-M1::Temsirolimus,130,40.0,13,38.46153846153847,"['AKT1S1(S183);', 'STAT3(S727);', 'EIF4EBP1(T70);', 'EIF4EBP1(T70);', 'STAT3(S727);', 'ULK1(S758);', 'MAF1(S75);', 'ISCU(S14);', 'DAP(S51);', 'AKT1(S473);', 'AKT1(S473);', 'MAF1(S60);', 'NRBF2(S113);', 'IRS1(S636);', 'MAF1(S75);', 'EIF4EBP1(T70);', 'MAF1(S75);', 'AKT1(S473);', 'AKT1S1(S183);', 'EIF4EBP1(T70);', 'MAP2K4(S80);', 'BAD(S99);', 'PFKFB2(S466);', 'METTL1(S27);', 'BCL2L11(S87);', 'MVD(S96);', 'CCDC88A(S1417);', 'YAP1(S127);', 'SH3RF1(S304);', 'CARHSP1(S52);', 'PFKFB2(S466);', 'PFKFB2(S483);', 'BAD(S99);', 'PDE3B(S318);', 'PEA15(S116);', 'PFKFB2(S466);', 'CTNNB1(S552);', 'PDCD4(S457);', 'PFKFB2(S483);', 'PFKFB2(S483);', 'STK3(T384);', 'ATXN1(S775);', 'TBC1D4(T642);', 'DAB2IP(S971);', 'ACLY(S455);', 'MTOR(S2448);', 'BAD(S118);', 'FOXO3(S253);', 'FOXO3(S253);', 'AGAP2(S985);', 'CDCA7(T163);', 'HSPB1(S82);']",52,9.615384615384617,"['NRBF2(S113);', 'AKT1(S473);', 'BCL2L11(S87);', 'YAP1(S127);', 'PEA15(S116);']","{'MAF1(S75);', 'MAP2K4(S80);', 'ACLY(S455);', 'EIF4EBP1(T70);', 'PDE3B(S318);', 'CDCA7(T163);', 'CARHSP1(S52);', 'MTOR(S2448);', 'IRS1(S636);', 'FOXO3(S253);', 'AKT1S1(S183);', 'CTNNB1(S552);', 'BAD(S99);', 'PDCD4(S457);', 'BAD(S118);', 'DAP(S51);', 'MAF1(S60);', 'CCDC88A(S1417);', 'ATXN1(S775);', 'PFKFB2(S483);', 'MVD(S96);', 'HSPB1(S82);', 'METTL1(S27);', 'ISCU(S14);', 'TBC1D4(T642);', 'DAB2IP(S971);', 'SH3RF1(S304);', 'ULK1(S758);', 'STK3(T384);', 'PFKFB2(S466);', 'STAT3(S727);', 'AGAP2(S985);'}"
OCI-AML2::Temsirolimus,130,40.0,13,38.46153846153847,"['AKT1S1(S183);', 'STAT3(S727);', 'EIF4EBP1(T70);', 'EIF4EBP1(T70);', 'STAT3(S727);', 'ULK1(S758);', 'MAF1(S75);', 'ISCU(S14);', 'DAP(S51);', 'AKT1(S473);', 'AKT1(S473);', 'MAF1(S60);', 'NRBF2(S113);', 'IRS1(S636);', 'MAF1(S75);', 'EIF4EBP1(T70);', 'MAF1(S75);', 'AKT1(S473);', 'AKT1S1(S183);', 'EIF4EBP1(T70);', 'MAP2K4(S80);', 'BAD(S99);', 'PFKFB2(S466);', 'METTL1(S27);', 'BCL2L11(S87);', 'MVD(S96);', 'CCDC88A(S1417);', 'YAP1(S127);', 'SH3RF1(S304);', 'CARHSP1(S52);', 'PFKFB2(S466);', 'PFKFB2(S483);', 'BAD(S99);', 'PDE3B(S318);', 'PEA15(S116);', 'PFKFB2(S466);', 'CTNNB1(S552);', 'PDCD4(S457);', 'PFKFB2(S483);', 'PFKFB2(S483);', 'STK3(T384);', 'ATXN1(S775);', 'TBC1D4(T642);', 'DAB2IP(S971);', 'ACLY(S455);', 'MTOR(S2448);', 'BAD(S118);', 'FOXO3(S253);', 'FOXO3(S253);', 'AGAP2(S985);', 'CDCA7(T163);', 'HSPB1(S82);']",52,9.615384615384617,"['EIF4EBP1(T70);', 'NRBF2(S113);', 'MAF1(S75);', 'AKT1(S473);', 'BAD(S99);']","{'MAP2K4(S80);', 'ACLY(S455);', 'PDE3B(S318);', 'CDCA7(T163);', 'CARHSP1(S52);', 'MTOR(S2448);', 'BCL2L11(S87);', 'IRS1(S636);', 'FOXO3(S253);', 'AKT1S1(S183);', 'CTNNB1(S552);', 'PDCD4(S457);', 'BAD(S118);', 'YAP1(S127);', 'DAP(S51);', 'MAF1(S60);', 'CCDC88A(S1417);', 'ATXN1(S775);', 'PFKFB2(S483);', 'MVD(S96);', 'HSPB1(S82);', 'METTL1(S27);', 'ISCU(S14);', 'TBC1D4(T642);', 'DAB2IP(S971);', 'SH3RF1(S304);', 'PEA15(S116);', 'ULK1(S758);', 'STK3(T384);', 'PFKFB2(S466);', 'STAT3(S727);', 'AGAP2(S985);'}"
SNU-398::Talazoparib,130,8.461538461538462,13,7.6923076923076925,"['PNKP(S126);', 'RAD50(S635);', 'NBN(S397);', 'UFL1(S462);', 'ABRAXAS1(S406);', 'BRCA1(S1542);', 'TP53BP1(T302);', 'EIF4EBP1(S112);', 'HNF1A(S249);', 'BRCA1(S1524);', 'BRCA1(S1524);']",11,9.090909090909092,['ABRAXAS1(S406);'],"{'UFL1(S462);', 'TP53BP1(T302);', 'EIF4EBP1(S112);', 'NBN(S397);', 'PNKP(S126);', 'HNF1A(S249);', 'BRCA1(S1542);', 'BRCA1(S1524);', 'RAD50(S635);'}"
OE33::Temozolomide,130,8.461538461538462,13,7.6923076923076925,"['PNKP(S126);', 'RAD50(S635);', 'NBN(S397);', 'UFL1(S462);', 'ABRAXAS1(S406);', 'BRCA1(S1542);', 'TP53BP1(T302);', 'EIF4EBP1(S112);', 'HNF1A(S249);', 'BRCA1(S1524);', 'BRCA1(S1524);']",11,9.090909090909092,['ABRAXAS1(S406);'],"{'UFL1(S462);', 'TP53BP1(T302);', 'EIF4EBP1(S112);', 'NBN(S397);', 'PNKP(S126);', 'HNF1A(S249);', 'BRCA1(S1542);', 'BRCA1(S1524);', 'RAD50(S635);'}"
OCI-M1::Temozolomide,130,8.461538461538462,13,7.6923076923076925,"['PNKP(S126);', 'RAD50(S635);', 'NBN(S397);', 'UFL1(S462);', 'ABRAXAS1(S406);', 'BRCA1(S1542);', 'TP53BP1(T302);', 'EIF4EBP1(S112);', 'HNF1A(S249);', 'BRCA1(S1524);', 'BRCA1(S1524);']",11,9.090909090909092,['ABRAXAS1(S406);'],"{'UFL1(S462);', 'TP53BP1(T302);', 'EIF4EBP1(S112);', 'NBN(S397);', 'PNKP(S126);', 'HNF1A(S249);', 'BRCA1(S1542);', 'BRCA1(S1524);', 'RAD50(S635);'}"
KMOE-2::Talazoparib,130,8.461538461538462,13,7.6923076923076925,"['PNKP(S126);', 'RAD50(S635);', 'NBN(S397);', 'UFL1(S462);', 'ABRAXAS1(S406);', 'BRCA1(S1542);', 'TP53BP1(T302);', 'EIF4EBP1(S112);', 'HNF1A(S249);', 'BRCA1(S1524);', 'BRCA1(S1524);']",11,9.090909090909092,['HNF1A(S249);'],"{'UFL1(S462);', 'TP53BP1(T302);', 'EIF4EBP1(S112);', 'NBN(S397);', 'PNKP(S126);', 'ABRAXAS1(S406);', 'BRCA1(S1542);', 'BRCA1(S1524);', 'RAD50(S635);'}"
OCI-AML2::Talazoparib,130,8.461538461538462,13,7.6923076923076925,"['PNKP(S126);', 'RAD50(S635);', 'NBN(S397);', 'UFL1(S462);', 'ABRAXAS1(S406);', 'BRCA1(S1542);', 'TP53BP1(T302);', 'EIF4EBP1(S112);', 'HNF1A(S249);', 'BRCA1(S1524);', 'BRCA1(S1524);']",11,9.090909090909092,['ABRAXAS1(S406);'],"{'UFL1(S462);', 'TP53BP1(T302);', 'EIF4EBP1(S112);', 'NBN(S397);', 'PNKP(S126);', 'HNF1A(S249);', 'BRCA1(S1542);', 'BRCA1(S1524);', 'RAD50(S635);'}"
OCI-M1::Talazoparib,130,8.461538461538462,13,7.6923076923076925,"['PNKP(S126);', 'RAD50(S635);', 'NBN(S397);', 'UFL1(S462);', 'ABRAXAS1(S406);', 'BRCA1(S1542);', 'TP53BP1(T302);', 'EIF4EBP1(S112);', 'HNF1A(S249);', 'BRCA1(S1524);', 'BRCA1(S1524);']",11,9.090909090909092,['ABRAXAS1(S406);'],"{'UFL1(S462);', 'TP53BP1(T302);', 'EIF4EBP1(S112);', 'NBN(S397);', 'PNKP(S126);', 'HNF1A(S249);', 'BRCA1(S1542);', 'BRCA1(S1524);', 'RAD50(S635);'}"
OE33::Talazoparib,130,8.461538461538462,13,7.6923076923076925,"['PNKP(S126);', 'RAD50(S635);', 'NBN(S397);', 'UFL1(S462);', 'ABRAXAS1(S406);', 'BRCA1(S1542);', 'TP53BP1(T302);', 'EIF4EBP1(S112);', 'HNF1A(S249);', 'BRCA1(S1524);', 'BRCA1(S1524);']",11,9.090909090909092,['ABRAXAS1(S406);'],"{'UFL1(S462);', 'TP53BP1(T302);', 'EIF4EBP1(S112);', 'NBN(S397);', 'PNKP(S126);', 'HNF1A(S249);', 'BRCA1(S1542);', 'BRCA1(S1524);', 'RAD50(S635);'}"
OCI-AML2::Temozolomide,130,8.461538461538462,13,7.6923076923076925,"['PNKP(S126);', 'RAD50(S635);', 'NBN(S397);', 'UFL1(S462);', 'ABRAXAS1(S406);', 'BRCA1(S1542);', 'TP53BP1(T302);', 'EIF4EBP1(S112);', 'HNF1A(S249);', 'BRCA1(S1524);', 'BRCA1(S1524);']",11,9.090909090909092,['ABRAXAS1(S406);'],"{'UFL1(S462);', 'TP53BP1(T302);', 'EIF4EBP1(S112);', 'NBN(S397);', 'PNKP(S126);', 'HNF1A(S249);', 'BRCA1(S1542);', 'BRCA1(S1524);', 'RAD50(S635);'}"
MV-4-11::Temozolomide,130,8.461538461538462,13,7.6923076923076925,"['PNKP(S126);', 'RAD50(S635);', 'NBN(S397);', 'UFL1(S462);', 'ABRAXAS1(S406);', 'BRCA1(S1542);', 'TP53BP1(T302);', 'EIF4EBP1(S112);', 'HNF1A(S249);', 'BRCA1(S1524);', 'BRCA1(S1524);']",11,9.090909090909092,['BRCA1(S1542);'],"{'UFL1(S462);', 'TP53BP1(T302);', 'EIF4EBP1(S112);', 'NBN(S397);', 'PNKP(S126);', 'HNF1A(S249);', 'ABRAXAS1(S406);', 'BRCA1(S1524);', 'RAD50(S635);'}"
SNU-398::Temozolomide,130,8.461538461538462,13,7.6923076923076925,"['PNKP(S126);', 'RAD50(S635);', 'NBN(S397);', 'UFL1(S462);', 'ABRAXAS1(S406);', 'BRCA1(S1542);', 'TP53BP1(T302);', 'EIF4EBP1(S112);', 'HNF1A(S249);', 'BRCA1(S1524);', 'BRCA1(S1524);']",11,9.090909090909092,['ABRAXAS1(S406);'],"{'UFL1(S462);', 'TP53BP1(T302);', 'EIF4EBP1(S112);', 'NBN(S397);', 'PNKP(S126);', 'HNF1A(S249);', 'BRCA1(S1542);', 'BRCA1(S1524);', 'RAD50(S635);'}"
OE33::Palbociclib,130,9.230769230769232,13,7.6923076923076925,"['RB1(S811);', 'RUNX1(S276);', 'RUNX1(S249);', 'RUNX1(S21);', 'RBL2(S672);', 'RUNX1(S276);', 'CDKN1A(S130);', 'RB1(T826);', 'RB1(S811);', 'RB1(S249);', 'RBL1(S650);', 'HNF1A(S249);']",12,8.333333333333332,['RBL2(S672);'],"{'RUNX1(S249);', 'RB1(S811);', 'CDKN1A(S130);', 'HNF1A(S249);', 'RB1(T826);', 'RB1(S249);', 'RUNX1(S21);', 'RBL1(S650);', 'RUNX1(S276);'}"
KMOE-2::Palbociclib,130,9.230769230769232,13,7.6923076923076925,"['RB1(S811);', 'RUNX1(S276);', 'RUNX1(S249);', 'RUNX1(S21);', 'RBL2(S672);', 'RUNX1(S276);', 'CDKN1A(S130);', 'RB1(T826);', 'RB1(S811);', 'RB1(S249);', 'RBL1(S650);', 'HNF1A(S249);']",12,8.333333333333332,['RB1(T826);'],"{'RUNX1(S249);', 'RB1(S811);', 'CDKN1A(S130);', 'HNF1A(S249);', 'RBL2(S672);', 'RB1(S249);', 'RUNX1(S21);', 'RBL1(S650);', 'RUNX1(S276);'}"
SNU-387::Palbociclib,130,9.230769230769232,13,7.6923076923076925,"['RB1(S811);', 'RUNX1(S276);', 'RUNX1(S249);', 'RUNX1(S21);', 'RBL2(S672);', 'RUNX1(S276);', 'CDKN1A(S130);', 'RB1(T826);', 'RB1(S811);', 'RB1(S249);', 'RBL1(S650);', 'HNF1A(S249);']",12,8.333333333333332,['RBL2(S672);'],"{'RUNX1(S249);', 'RB1(S811);', 'CDKN1A(S130);', 'HNF1A(S249);', 'RB1(T826);', 'RB1(S249);', 'RUNX1(S21);', 'RBL1(S650);', 'RUNX1(S276);'}"
SNU-398::Palbociclib,130,9.230769230769232,13,7.6923076923076925,"['RB1(S811);', 'RUNX1(S276);', 'RUNX1(S249);', 'RUNX1(S21);', 'RBL2(S672);', 'RUNX1(S276);', 'CDKN1A(S130);', 'RB1(T826);', 'RB1(S811);', 'RB1(S249);', 'RBL1(S650);', 'HNF1A(S249);']",12,8.333333333333332,['RUNX1(S276);'],"{'RUNX1(S249);', 'RB1(S811);', 'CDKN1A(S130);', 'HNF1A(S249);', 'RBL2(S672);', 'RB1(T826);', 'RB1(S249);', 'RUNX1(S21);', 'RBL1(S650);'}"
SNU-398::Temsirolimus,130,40.0,13,30.76923076923077,"['AKT1S1(S183);', 'STAT3(S727);', 'EIF4EBP1(T70);', 'EIF4EBP1(T70);', 'STAT3(S727);', 'ULK1(S758);', 'MAF1(S75);', 'ISCU(S14);', 'DAP(S51);', 'AKT1(S473);', 'AKT1(S473);', 'MAF1(S60);', 'NRBF2(S113);', 'IRS1(S636);', 'MAF1(S75);', 'EIF4EBP1(T70);', 'MAF1(S75);', 'AKT1(S473);', 'AKT1S1(S183);', 'EIF4EBP1(T70);', 'MAP2K4(S80);', 'BAD(S99);', 'PFKFB2(S466);', 'METTL1(S27);', 'BCL2L11(S87);', 'MVD(S96);', 'CCDC88A(S1417);', 'YAP1(S127);', 'SH3RF1(S304);', 'CARHSP1(S52);', 'PFKFB2(S466);', 'PFKFB2(S483);', 'BAD(S99);', 'PDE3B(S318);', 'PEA15(S116);', 'PFKFB2(S466);', 'CTNNB1(S552);', 'PDCD4(S457);', 'PFKFB2(S483);', 'PFKFB2(S483);', 'STK3(T384);', 'ATXN1(S775);', 'TBC1D4(T642);', 'DAB2IP(S971);', 'ACLY(S455);', 'MTOR(S2448);', 'BAD(S118);', 'FOXO3(S253);', 'FOXO3(S253);', 'AGAP2(S985);', 'CDCA7(T163);', 'HSPB1(S82);']",52,7.6923076923076925,"['AKT1S1(S183);', 'EIF4EBP1(T70);', 'NRBF2(S113);', 'AKT1(S473);']","{'MAF1(S75);', 'MAP2K4(S80);', 'ACLY(S455);', 'PDE3B(S318);', 'CDCA7(T163);', 'CARHSP1(S52);', 'MTOR(S2448);', 'BCL2L11(S87);', 'IRS1(S636);', 'FOXO3(S253);', 'CTNNB1(S552);', 'BAD(S99);', 'PDCD4(S457);', 'BAD(S118);', 'YAP1(S127);', 'DAP(S51);', 'MAF1(S60);', 'CCDC88A(S1417);', 'ATXN1(S775);', 'PFKFB2(S483);', 'MVD(S96);', 'HSPB1(S82);', 'METTL1(S27);', 'ISCU(S14);', 'TBC1D4(T642);', 'DAB2IP(S971);', 'SH3RF1(S304);', 'PEA15(S116);', 'ULK1(S758);', 'STK3(T384);', 'PFKFB2(S466);', 'STAT3(S727);', 'AGAP2(S985);'}"
SKM-1::Temsirolimus,130,40.0,13,30.76923076923077,"['AKT1S1(S183);', 'STAT3(S727);', 'EIF4EBP1(T70);', 'EIF4EBP1(T70);', 'STAT3(S727);', 'ULK1(S758);', 'MAF1(S75);', 'ISCU(S14);', 'DAP(S51);', 'AKT1(S473);', 'AKT1(S473);', 'MAF1(S60);', 'NRBF2(S113);', 'IRS1(S636);', 'MAF1(S75);', 'EIF4EBP1(T70);', 'MAF1(S75);', 'AKT1(S473);', 'AKT1S1(S183);', 'EIF4EBP1(T70);', 'MAP2K4(S80);', 'BAD(S99);', 'PFKFB2(S466);', 'METTL1(S27);', 'BCL2L11(S87);', 'MVD(S96);', 'CCDC88A(S1417);', 'YAP1(S127);', 'SH3RF1(S304);', 'CARHSP1(S52);', 'PFKFB2(S466);', 'PFKFB2(S483);', 'BAD(S99);', 'PDE3B(S318);', 'PEA15(S116);', 'PFKFB2(S466);', 'CTNNB1(S552);', 'PDCD4(S457);', 'PFKFB2(S483);', 'PFKFB2(S483);', 'STK3(T384);', 'ATXN1(S775);', 'TBC1D4(T642);', 'DAB2IP(S971);', 'ACLY(S455);', 'MTOR(S2448);', 'BAD(S118);', 'FOXO3(S253);', 'FOXO3(S253);', 'AGAP2(S985);', 'CDCA7(T163);', 'HSPB1(S82);']",52,7.6923076923076925,"['AKT1S1(S183);', 'MAF1(S75);', 'PEA15(S116);', 'PFKFB2(S466);']","{'MAP2K4(S80);', 'NRBF2(S113);', 'ACLY(S455);', 'EIF4EBP1(T70);', 'PDE3B(S318);', 'CDCA7(T163);', 'AKT1(S473);', 'CARHSP1(S52);', 'MTOR(S2448);', 'BCL2L11(S87);', 'IRS1(S636);', 'FOXO3(S253);', 'CTNNB1(S552);', 'BAD(S99);', 'PDCD4(S457);', 'BAD(S118);', 'YAP1(S127);', 'DAP(S51);', 'MAF1(S60);', 'CCDC88A(S1417);', 'ATXN1(S775);', 'PFKFB2(S483);', 'MVD(S96);', 'HSPB1(S82);', 'METTL1(S27);', 'ISCU(S14);', 'TBC1D4(T642);', 'DAB2IP(S971);', 'SH3RF1(S304);', 'ULK1(S758);', 'STK3(T384);', 'STAT3(S727);', 'AGAP2(S985);'}"
MV-4-11::Midostaurin,130,54.61538461538461,13,38.46153846153847,"['VIM(S10);', 'ITGB2(T760);', 'MARCKS(S170);', 'IQGAP1(S1443);', 'IQGAP1(S1443);', 'CBL(S619);', 'HMGN1(S25);', 'ITGB4(S1494);', 'MARCKS(S163);', 'CYBA(T147);', 'MARCKS(S118);', 'MARCKS(S163);', 'SHC1(S139);', 'KIT(S746);', 'VIM(S26);', 'F11R(S284);', 'DNM1(S795);', 'MARCKS(S170);', 'PDE3A(S428);', 'KIT(S746);', 'EIF6(S235);', 'IQGAP1(S1443);', 'PA2G4(S363);', 'ATP1A1(S16);', 'CBL(S639);', 'VIM(S27);', 'VIM(S42);', 'VIM(S51);', 'MARCKS(S163);', 'MARCKS(S101);', 'MARCKS(S46);', 'HMGN2(S29);', 'PTPN12(S435);', 'HLA-A(S359);', 'CDC42EP4(S18);', 'SHC1(S139);', 'LMNA(S403);', 'ATP1A1(S16);', 'MYH10(S1937);', 'AKT3(S472);', 'BAD(S118);', 'PRKD2(S710);', 'IQGAP1(S1443);', 'IQGAP1(S1443);', 'BAD(S99);', 'IQGAP1(S1443);', 'STAT3(S727);', 'SHC1(S139);', 'BAD(S99);', 'BAD(S118);', 'STMN1(S38);', 'STMN1(S25);', 'LASP1(S146);', 'EIF6(S235);', 'MARCKS(S170);', 'STMN1(S38);', 'BTK(S180);', 'MARCKS(S163);', 'PA2G4(S363);', 'STMN1(S25);', 'ARHGEF6(S225);', 'PRKD2(S710);', 'BAD(S118);', 'HDAC7(S181);', 'HDAC7(S155);', 'ARFIP1(S132);', 'BAD(S99);', 'HDAC7(S155);', 'KIDINS220(S918);', 'HSP90AA1(T603);', 'PA2G4(S363);']",71,7.042253521126761,"['MARCKS(S170);', 'SHC1(S139);', 'VIM(S51);', 'MARCKS(S46);', 'IQGAP1(S1443);']","{'HDAC7(S155);', 'ARFIP1(S132);', 'LMNA(S403);', 'HMGN2(S29);', 'LASP1(S146);', 'MARCKS(S101);', 'ARHGEF6(S225);', 'PA2G4(S363);', 'KIT(S746);', 'HLA-A(S359);', 'STMN1(S25);', 'KIDINS220(S918);', 'MARCKS(S118);', 'PTPN12(S435);', 'BAD(S99);', 'CDC42EP4(S18);', 'BAD(S118);', 'STMN1(S38);', 'PDE3A(S428);', 'F11R(S284);', 'ITGB2(T760);', 'ATP1A1(S16);', 'MYH10(S1937);', 'BTK(S180);', 'HSP90AA1(T603);', 'CBL(S639);', 'CBL(S619);', 'HMGN1(S25);', 'VIM(S42);', 'MARCKS(S163);', 'EIF6(S235);', 'CYBA(T147);', 'VIM(S10);', 'DNM1(S795);', 'AKT3(S472);', 'HDAC7(S181);', 'VIM(S26);', 'PRKD2(S710);', 'VIM(S27);', 'STAT3(S727);', 'ITGB4(S1494);'}"
SNU-398::Olaparib,130,11.538461538461538,13,7.6923076923076925,"['KMT2A(S516);', 'SYK(S295);', 'CDC25C(S216);', 'POLR2A(S1861);', 'PNKP(S126);', 'RAD50(S635);', 'NBN(S397);', 'UFL1(S462);', 'ABRAXAS1(S406);', 'BRCA1(S1542);', 'TP53BP1(T302);', 'EIF4EBP1(S112);', 'HNF1A(S249);', 'BRCA1(S1524);', 'BRCA1(S1524);']",15,6.666666666666667,['PNKP(S126);'],"{'UFL1(S462);', 'TP53BP1(T302);', 'EIF4EBP1(S112);', 'POLR2A(S1861);', 'CDC25C(S216);', 'NBN(S397);', 'HNF1A(S249);', 'ABRAXAS1(S406);', 'BRCA1(S1542);', 'KMT2A(S516);', 'BRCA1(S1524);', 'SYK(S295);', 'RAD50(S635);'}"
OE33::Olaparib,130,11.538461538461538,13,7.6923076923076925,"['KMT2A(S516);', 'SYK(S295);', 'CDC25C(S216);', 'POLR2A(S1861);', 'PNKP(S126);', 'RAD50(S635);', 'NBN(S397);', 'UFL1(S462);', 'ABRAXAS1(S406);', 'BRCA1(S1542);', 'TP53BP1(T302);', 'EIF4EBP1(S112);', 'HNF1A(S249);', 'BRCA1(S1524);', 'BRCA1(S1524);']",15,6.666666666666667,['PNKP(S126);'],"{'UFL1(S462);', 'TP53BP1(T302);', 'EIF4EBP1(S112);', 'POLR2A(S1861);', 'CDC25C(S216);', 'NBN(S397);', 'HNF1A(S249);', 'ABRAXAS1(S406);', 'BRCA1(S1542);', 'KMT2A(S516);', 'BRCA1(S1524);', 'SYK(S295);', 'RAD50(S635);'}"
OCI-M1::Olaparib,130,11.538461538461538,13,7.6923076923076925,"['KMT2A(S516);', 'SYK(S295);', 'CDC25C(S216);', 'POLR2A(S1861);', 'PNKP(S126);', 'RAD50(S635);', 'NBN(S397);', 'UFL1(S462);', 'ABRAXAS1(S406);', 'BRCA1(S1542);', 'TP53BP1(T302);', 'EIF4EBP1(S112);', 'HNF1A(S249);', 'BRCA1(S1524);', 'BRCA1(S1524);']",15,6.666666666666667,['PNKP(S126);'],"{'UFL1(S462);', 'TP53BP1(T302);', 'EIF4EBP1(S112);', 'POLR2A(S1861);', 'CDC25C(S216);', 'NBN(S397);', 'HNF1A(S249);', 'ABRAXAS1(S406);', 'BRCA1(S1542);', 'KMT2A(S516);', 'BRCA1(S1524);', 'SYK(S295);', 'RAD50(S635);'}"
OCI-AML2::Olaparib,130,11.538461538461538,13,7.6923076923076925,"['KMT2A(S516);', 'SYK(S295);', 'CDC25C(S216);', 'POLR2A(S1861);', 'PNKP(S126);', 'RAD50(S635);', 'NBN(S397);', 'UFL1(S462);', 'ABRAXAS1(S406);', 'BRCA1(S1542);', 'TP53BP1(T302);', 'EIF4EBP1(S112);', 'HNF1A(S249);', 'BRCA1(S1524);', 'BRCA1(S1524);']",15,6.666666666666667,['PNKP(S126);'],"{'UFL1(S462);', 'TP53BP1(T302);', 'EIF4EBP1(S112);', 'POLR2A(S1861);', 'CDC25C(S216);', 'NBN(S397);', 'HNF1A(S249);', 'ABRAXAS1(S406);', 'BRCA1(S1542);', 'KMT2A(S516);', 'BRCA1(S1524);', 'SYK(S295);', 'RAD50(S635);'}"
KMOE-2::Olaparib,130,11.538461538461538,13,7.6923076923076925,"['KMT2A(S516);', 'SYK(S295);', 'CDC25C(S216);', 'POLR2A(S1861);', 'PNKP(S126);', 'RAD50(S635);', 'NBN(S397);', 'UFL1(S462);', 'ABRAXAS1(S406);', 'BRCA1(S1542);', 'TP53BP1(T302);', 'EIF4EBP1(S112);', 'HNF1A(S249);', 'BRCA1(S1524);', 'BRCA1(S1524);']",15,6.666666666666667,['BRCA1(S1542);'],"{'UFL1(S462);', 'TP53BP1(T302);', 'EIF4EBP1(S112);', 'POLR2A(S1861);', 'CDC25C(S216);', 'NBN(S397);', 'PNKP(S126);', 'HNF1A(S249);', 'ABRAXAS1(S406);', 'KMT2A(S516);', 'BRCA1(S1524);', 'SYK(S295);', 'RAD50(S635);'}"
MV-4-11::Bexarotene,130,12.307692307692308,13,7.6923076923076925,"['STAT3(S727);', 'EIF4ENIF1(S374);', 'STMN1(S38);', 'HSF1(S363);', 'JUN(S63);', 'SIRT1(S47);', 'BCL2L11(S77);', 'EIF4ENIF1(S587);', 'TWIST1(S68);', 'ATF2(T69);', 'MYC(S62);', 'ATF2(T69);', 'RCSD1(S68);', 'CDKN1A(S130);', 'CDC25C(S168);', 'IRS1(S636);']",16,6.25,['MYC(S62);'],"{'STMN1(S38);', 'EIF4ENIF1(S374);', 'RCSD1(S68);', 'BCL2L11(S77);', 'CDKN1A(S130);', 'HSF1(S363);', 'SIRT1(S47);', 'TWIST1(S68);', 'IRS1(S636);', 'CDC25C(S168);', 'JUN(S63);', 'EIF4ENIF1(S587);', 'STAT3(S727);', 'ATF2(T69);'}"
KMOE-2::Bexarotene,130,12.307692307692308,13,7.6923076923076925,"['STAT3(S727);', 'EIF4ENIF1(S374);', 'STMN1(S38);', 'HSF1(S363);', 'JUN(S63);', 'SIRT1(S47);', 'BCL2L11(S77);', 'EIF4ENIF1(S587);', 'TWIST1(S68);', 'ATF2(T69);', 'MYC(S62);', 'ATF2(T69);', 'RCSD1(S68);', 'CDKN1A(S130);', 'CDC25C(S168);', 'IRS1(S636);']",16,6.25,['EIF4ENIF1(S374);'],"{'STMN1(S38);', 'MYC(S62);', 'RCSD1(S68);', 'BCL2L11(S77);', 'CDKN1A(S130);', 'HSF1(S363);', 'SIRT1(S47);', 'TWIST1(S68);', 'IRS1(S636);', 'CDC25C(S168);', 'JUN(S63);', 'EIF4ENIF1(S587);', 'STAT3(S727);', 'ATF2(T69);'}"
OCI-M1::Bexarotene,130,12.307692307692308,13,7.6923076923076925,"['STAT3(S727);', 'EIF4ENIF1(S374);', 'STMN1(S38);', 'HSF1(S363);', 'JUN(S63);', 'SIRT1(S47);', 'BCL2L11(S77);', 'EIF4ENIF1(S587);', 'TWIST1(S68);', 'ATF2(T69);', 'MYC(S62);', 'ATF2(T69);', 'RCSD1(S68);', 'CDKN1A(S130);', 'CDC25C(S168);', 'IRS1(S636);']",16,6.25,['EIF4ENIF1(S374);'],"{'STMN1(S38);', 'MYC(S62);', 'RCSD1(S68);', 'BCL2L11(S77);', 'CDKN1A(S130);', 'HSF1(S363);', 'SIRT1(S47);', 'TWIST1(S68);', 'IRS1(S636);', 'CDC25C(S168);', 'JUN(S63);', 'EIF4ENIF1(S587);', 'STAT3(S727);', 'ATF2(T69);'}"
KMOE-2::Bleomycin,130,12.307692307692308,13,7.6923076923076925,"['STAT3(S727);', 'EIF4ENIF1(S374);', 'STMN1(S38);', 'HSF1(S363);', 'JUN(S63);', 'SIRT1(S47);', 'BCL2L11(S77);', 'EIF4ENIF1(S587);', 'TWIST1(S68);', 'ATF2(T69);', 'MYC(S62);', 'ATF2(T69);', 'RCSD1(S68);', 'CDKN1A(S130);', 'CDC25C(S168);', 'IRS1(S636);']",16,6.25,['EIF4ENIF1(S374);'],"{'STMN1(S38);', 'MYC(S62);', 'RCSD1(S68);', 'BCL2L11(S77);', 'CDKN1A(S130);', 'HSF1(S363);', 'SIRT1(S47);', 'TWIST1(S68);', 'IRS1(S636);', 'CDC25C(S168);', 'JUN(S63);', 'EIF4ENIF1(S587);', 'STAT3(S727);', 'ATF2(T69);'}"
MV-4-11::Bleomycin,130,12.307692307692308,13,7.6923076923076925,"['STAT3(S727);', 'EIF4ENIF1(S374);', 'STMN1(S38);', 'HSF1(S363);', 'JUN(S63);', 'SIRT1(S47);', 'BCL2L11(S77);', 'EIF4ENIF1(S587);', 'TWIST1(S68);', 'ATF2(T69);', 'MYC(S62);', 'ATF2(T69);', 'RCSD1(S68);', 'CDKN1A(S130);', 'CDC25C(S168);', 'IRS1(S636);']",16,6.25,['MYC(S62);'],"{'STMN1(S38);', 'EIF4ENIF1(S374);', 'RCSD1(S68);', 'BCL2L11(S77);', 'CDKN1A(S130);', 'HSF1(S363);', 'SIRT1(S47);', 'TWIST1(S68);', 'IRS1(S636);', 'CDC25C(S168);', 'JUN(S63);', 'EIF4ENIF1(S587);', 'STAT3(S727);', 'ATF2(T69);'}"
SNU-398::Bleomycin,130,12.307692307692308,13,7.6923076923076925,"['STAT3(S727);', 'EIF4ENIF1(S374);', 'STMN1(S38);', 'HSF1(S363);', 'JUN(S63);', 'SIRT1(S47);', 'BCL2L11(S77);', 'EIF4ENIF1(S587);', 'TWIST1(S68);', 'ATF2(T69);', 'MYC(S62);', 'ATF2(T69);', 'RCSD1(S68);', 'CDKN1A(S130);', 'CDC25C(S168);', 'IRS1(S636);']",16,6.25,['STAT3(S727);'],"{'STMN1(S38);', 'EIF4ENIF1(S374);', 'MYC(S62);', 'RCSD1(S68);', 'BCL2L11(S77);', 'CDKN1A(S130);', 'HSF1(S363);', 'SIRT1(S47);', 'TWIST1(S68);', 'IRS1(S636);', 'CDC25C(S168);', 'JUN(S63);', 'EIF4ENIF1(S587);', 'ATF2(T69);'}"
MV-4-11::Temsirolimus,130,40.0,13,23.076923076923077,"['AKT1S1(S183);', 'STAT3(S727);', 'EIF4EBP1(T70);', 'EIF4EBP1(T70);', 'STAT3(S727);', 'ULK1(S758);', 'MAF1(S75);', 'ISCU(S14);', 'DAP(S51);', 'AKT1(S473);', 'AKT1(S473);', 'MAF1(S60);', 'NRBF2(S113);', 'IRS1(S636);', 'MAF1(S75);', 'EIF4EBP1(T70);', 'MAF1(S75);', 'AKT1(S473);', 'AKT1S1(S183);', 'EIF4EBP1(T70);', 'MAP2K4(S80);', 'BAD(S99);', 'PFKFB2(S466);', 'METTL1(S27);', 'BCL2L11(S87);', 'MVD(S96);', 'CCDC88A(S1417);', 'YAP1(S127);', 'SH3RF1(S304);', 'CARHSP1(S52);', 'PFKFB2(S466);', 'PFKFB2(S483);', 'BAD(S99);', 'PDE3B(S318);', 'PEA15(S116);', 'PFKFB2(S466);', 'CTNNB1(S552);', 'PDCD4(S457);', 'PFKFB2(S483);', 'PFKFB2(S483);', 'STK3(T384);', 'ATXN1(S775);', 'TBC1D4(T642);', 'DAB2IP(S971);', 'ACLY(S455);', 'MTOR(S2448);', 'BAD(S118);', 'FOXO3(S253);', 'FOXO3(S253);', 'AGAP2(S985);', 'CDCA7(T163);', 'HSPB1(S82);']",52,5.769230769230769,"['EIF4EBP1(T70);', 'MAF1(S75);', 'AKT1(S473);']","{'MAP2K4(S80);', 'NRBF2(S113);', 'ACLY(S455);', 'PDE3B(S318);', 'CDCA7(T163);', 'CARHSP1(S52);', 'MTOR(S2448);', 'BCL2L11(S87);', 'IRS1(S636);', 'FOXO3(S253);', 'AKT1S1(S183);', 'CTNNB1(S552);', 'BAD(S99);', 'PDCD4(S457);', 'BAD(S118);', 'YAP1(S127);', 'DAP(S51);', 'MAF1(S60);', 'CCDC88A(S1417);', 'ATXN1(S775);', 'PFKFB2(S483);', 'MVD(S96);', 'HSPB1(S82);', 'METTL1(S27);', 'ISCU(S14);', 'TBC1D4(T642);', 'DAB2IP(S971);', 'SH3RF1(S304);', 'PEA15(S116);', 'ULK1(S758);', 'STK3(T384);', 'PFKFB2(S466);', 'STAT3(S727);', 'AGAP2(S985);'}"
SNU-387::Temsirolimus,130,40.0,13,23.076923076923077,"['AKT1S1(S183);', 'STAT3(S727);', 'EIF4EBP1(T70);', 'EIF4EBP1(T70);', 'STAT3(S727);', 'ULK1(S758);', 'MAF1(S75);', 'ISCU(S14);', 'DAP(S51);', 'AKT1(S473);', 'AKT1(S473);', 'MAF1(S60);', 'NRBF2(S113);', 'IRS1(S636);', 'MAF1(S75);', 'EIF4EBP1(T70);', 'MAF1(S75);', 'AKT1(S473);', 'AKT1S1(S183);', 'EIF4EBP1(T70);', 'MAP2K4(S80);', 'BAD(S99);', 'PFKFB2(S466);', 'METTL1(S27);', 'BCL2L11(S87);', 'MVD(S96);', 'CCDC88A(S1417);', 'YAP1(S127);', 'SH3RF1(S304);', 'CARHSP1(S52);', 'PFKFB2(S466);', 'PFKFB2(S483);', 'BAD(S99);', 'PDE3B(S318);', 'PEA15(S116);', 'PFKFB2(S466);', 'CTNNB1(S552);', 'PDCD4(S457);', 'PFKFB2(S483);', 'PFKFB2(S483);', 'STK3(T384);', 'ATXN1(S775);', 'TBC1D4(T642);', 'DAB2IP(S971);', 'ACLY(S455);', 'MTOR(S2448);', 'BAD(S118);', 'FOXO3(S253);', 'FOXO3(S253);', 'AGAP2(S985);', 'CDCA7(T163);', 'HSPB1(S82);']",52,5.769230769230769,"['EIF4EBP1(T70);', 'AKT1(S473);', 'PDE3B(S318);']","{'MAF1(S75);', 'MAP2K4(S80);', 'NRBF2(S113);', 'ACLY(S455);', 'CDCA7(T163);', 'CARHSP1(S52);', 'MTOR(S2448);', 'BCL2L11(S87);', 'IRS1(S636);', 'FOXO3(S253);', 'AKT1S1(S183);', 'CTNNB1(S552);', 'BAD(S99);', 'PDCD4(S457);', 'BAD(S118);', 'YAP1(S127);', 'DAP(S51);', 'MAF1(S60);', 'CCDC88A(S1417);', 'ATXN1(S775);', 'PFKFB2(S483);', 'MVD(S96);', 'HSPB1(S82);', 'METTL1(S27);', 'ISCU(S14);', 'TBC1D4(T642);', 'DAB2IP(S971);', 'SH3RF1(S304);', 'PEA15(S116);', 'ULK1(S758);', 'STK3(T384);', 'PFKFB2(S466);', 'STAT3(S727);', 'AGAP2(S985);'}"
SNU-387::Midostaurin,130,54.61538461538461,13,30.76923076923077,"['VIM(S10);', 'ITGB2(T760);', 'MARCKS(S170);', 'IQGAP1(S1443);', 'IQGAP1(S1443);', 'CBL(S619);', 'HMGN1(S25);', 'ITGB4(S1494);', 'MARCKS(S163);', 'CYBA(T147);', 'MARCKS(S118);', 'MARCKS(S163);', 'SHC1(S139);', 'KIT(S746);', 'VIM(S26);', 'F11R(S284);', 'DNM1(S795);', 'MARCKS(S170);', 'PDE3A(S428);', 'KIT(S746);', 'EIF6(S235);', 'IQGAP1(S1443);', 'PA2G4(S363);', 'ATP1A1(S16);', 'CBL(S639);', 'VIM(S27);', 'VIM(S42);', 'VIM(S51);', 'MARCKS(S163);', 'MARCKS(S101);', 'MARCKS(S46);', 'HMGN2(S29);', 'PTPN12(S435);', 'HLA-A(S359);', 'CDC42EP4(S18);', 'SHC1(S139);', 'LMNA(S403);', 'ATP1A1(S16);', 'MYH10(S1937);', 'AKT3(S472);', 'BAD(S118);', 'PRKD2(S710);', 'IQGAP1(S1443);', 'IQGAP1(S1443);', 'BAD(S99);', 'IQGAP1(S1443);', 'STAT3(S727);', 'SHC1(S139);', 'BAD(S99);', 'BAD(S118);', 'STMN1(S38);', 'STMN1(S25);', 'LASP1(S146);', 'EIF6(S235);', 'MARCKS(S170);', 'STMN1(S38);', 'BTK(S180);', 'MARCKS(S163);', 'PA2G4(S363);', 'STMN1(S25);', 'ARHGEF6(S225);', 'PRKD2(S710);', 'BAD(S118);', 'HDAC7(S181);', 'HDAC7(S155);', 'ARFIP1(S132);', 'BAD(S99);', 'HDAC7(S155);', 'KIDINS220(S918);', 'HSP90AA1(T603);', 'PA2G4(S363);']",71,5.633802816901409,"['SHC1(S139);', 'DNM1(S795);', 'IQGAP1(S1443);', 'BAD(S118);']","{'VIM(S51);', 'HDAC7(S155);', 'ARFIP1(S132);', 'LMNA(S403);', 'HMGN2(S29);', 'LASP1(S146);', 'MARCKS(S101);', 'MARCKS(S170);', 'ARHGEF6(S225);', 'PA2G4(S363);', 'KIT(S746);', 'HLA-A(S359);', 'STMN1(S25);', 'KIDINS220(S918);', 'MARCKS(S118);', 'PTPN12(S435);', 'BAD(S99);', 'CDC42EP4(S18);', 'STMN1(S38);', 'PDE3A(S428);', 'F11R(S284);', 'ITGB2(T760);', 'ATP1A1(S16);', 'MARCKS(S46);', 'MYH10(S1937);', 'BTK(S180);', 'HSP90AA1(T603);', 'CBL(S639);', 'CBL(S619);', 'HMGN1(S25);', 'VIM(S42);', 'MARCKS(S163);', 'EIF6(S235);', 'CYBA(T147);', 'VIM(S10);', 'AKT3(S472);', 'HDAC7(S181);', 'VIM(S26);', 'PRKD2(S710);', 'VIM(S27);', 'STAT3(S727);', 'ITGB4(S1494);'}"
OCI-M1::Midostaurin,130,54.61538461538461,13,30.76923076923077,"['VIM(S10);', 'ITGB2(T760);', 'MARCKS(S170);', 'IQGAP1(S1443);', 'IQGAP1(S1443);', 'CBL(S619);', 'HMGN1(S25);', 'ITGB4(S1494);', 'MARCKS(S163);', 'CYBA(T147);', 'MARCKS(S118);', 'MARCKS(S163);', 'SHC1(S139);', 'KIT(S746);', 'VIM(S26);', 'F11R(S284);', 'DNM1(S795);', 'MARCKS(S170);', 'PDE3A(S428);', 'KIT(S746);', 'EIF6(S235);', 'IQGAP1(S1443);', 'PA2G4(S363);', 'ATP1A1(S16);', 'CBL(S639);', 'VIM(S27);', 'VIM(S42);', 'VIM(S51);', 'MARCKS(S163);', 'MARCKS(S101);', 'MARCKS(S46);', 'HMGN2(S29);', 'PTPN12(S435);', 'HLA-A(S359);', 'CDC42EP4(S18);', 'SHC1(S139);', 'LMNA(S403);', 'ATP1A1(S16);', 'MYH10(S1937);', 'AKT3(S472);', 'BAD(S118);', 'PRKD2(S710);', 'IQGAP1(S1443);', 'IQGAP1(S1443);', 'BAD(S99);', 'IQGAP1(S1443);', 'STAT3(S727);', 'SHC1(S139);', 'BAD(S99);', 'BAD(S118);', 'STMN1(S38);', 'STMN1(S25);', 'LASP1(S146);', 'EIF6(S235);', 'MARCKS(S170);', 'STMN1(S38);', 'BTK(S180);', 'MARCKS(S163);', 'PA2G4(S363);', 'STMN1(S25);', 'ARHGEF6(S225);', 'PRKD2(S710);', 'BAD(S118);', 'HDAC7(S181);', 'HDAC7(S155);', 'ARFIP1(S132);', 'BAD(S99);', 'HDAC7(S155);', 'KIDINS220(S918);', 'HSP90AA1(T603);', 'PA2G4(S363);']",71,5.633802816901409,"['MARCKS(S163);', 'SHC1(S139);', 'KIT(S746);', 'IQGAP1(S1443);']","{'VIM(S51);', 'HDAC7(S155);', 'ARFIP1(S132);', 'LMNA(S403);', 'HMGN2(S29);', 'LASP1(S146);', 'MARCKS(S101);', 'MARCKS(S170);', 'ARHGEF6(S225);', 'PA2G4(S363);', 'HLA-A(S359);', 'STMN1(S25);', 'KIDINS220(S918);', 'MARCKS(S118);', 'PTPN12(S435);', 'BAD(S99);', 'CDC42EP4(S18);', 'BAD(S118);', 'STMN1(S38);', 'PDE3A(S428);', 'F11R(S284);', 'ITGB2(T760);', 'ATP1A1(S16);', 'MARCKS(S46);', 'MYH10(S1937);', 'BTK(S180);', 'HSP90AA1(T603);', 'CBL(S639);', 'CBL(S619);', 'HMGN1(S25);', 'VIM(S42);', 'EIF6(S235);', 'CYBA(T147);', 'VIM(S10);', 'DNM1(S795);', 'AKT3(S472);', 'HDAC7(S181);', 'VIM(S26);', 'PRKD2(S710);', 'VIM(S27);', 'STAT3(S727);', 'ITGB4(S1494);'}"
SNU-398::Midostaurin,130,54.61538461538461,13,23.076923076923077,"['VIM(S10);', 'ITGB2(T760);', 'MARCKS(S170);', 'IQGAP1(S1443);', 'IQGAP1(S1443);', 'CBL(S619);', 'HMGN1(S25);', 'ITGB4(S1494);', 'MARCKS(S163);', 'CYBA(T147);', 'MARCKS(S118);', 'MARCKS(S163);', 'SHC1(S139);', 'KIT(S746);', 'VIM(S26);', 'F11R(S284);', 'DNM1(S795);', 'MARCKS(S170);', 'PDE3A(S428);', 'KIT(S746);', 'EIF6(S235);', 'IQGAP1(S1443);', 'PA2G4(S363);', 'ATP1A1(S16);', 'CBL(S639);', 'VIM(S27);', 'VIM(S42);', 'VIM(S51);', 'MARCKS(S163);', 'MARCKS(S101);', 'MARCKS(S46);', 'HMGN2(S29);', 'PTPN12(S435);', 'HLA-A(S359);', 'CDC42EP4(S18);', 'SHC1(S139);', 'LMNA(S403);', 'ATP1A1(S16);', 'MYH10(S1937);', 'AKT3(S472);', 'BAD(S118);', 'PRKD2(S710);', 'IQGAP1(S1443);', 'IQGAP1(S1443);', 'BAD(S99);', 'IQGAP1(S1443);', 'STAT3(S727);', 'SHC1(S139);', 'BAD(S99);', 'BAD(S118);', 'STMN1(S38);', 'STMN1(S25);', 'LASP1(S146);', 'EIF6(S235);', 'MARCKS(S170);', 'STMN1(S38);', 'BTK(S180);', 'MARCKS(S163);', 'PA2G4(S363);', 'STMN1(S25);', 'ARHGEF6(S225);', 'PRKD2(S710);', 'BAD(S118);', 'HDAC7(S181);', 'HDAC7(S155);', 'ARFIP1(S132);', 'BAD(S99);', 'HDAC7(S155);', 'KIDINS220(S918);', 'HSP90AA1(T603);', 'PA2G4(S363);']",71,4.225352112676056,"['SHC1(S139);', 'VIM(S51);', 'HLA-A(S359);']","{'HDAC7(S155);', 'ARFIP1(S132);', 'LMNA(S403);', 'HMGN2(S29);', 'LASP1(S146);', 'MARCKS(S101);', 'MARCKS(S170);', 'ARHGEF6(S225);', 'IQGAP1(S1443);', 'PA2G4(S363);', 'KIT(S746);', 'STMN1(S25);', 'KIDINS220(S918);', 'MARCKS(S118);', 'PTPN12(S435);', 'BAD(S99);', 'CDC42EP4(S18);', 'BAD(S118);', 'STMN1(S38);', 'PDE3A(S428);', 'F11R(S284);', 'ITGB2(T760);', 'ATP1A1(S16);', 'MARCKS(S46);', 'MYH10(S1937);', 'BTK(S180);', 'HSP90AA1(T603);', 'CBL(S639);', 'CBL(S619);', 'HMGN1(S25);', 'VIM(S42);', 'MARCKS(S163);', 'EIF6(S235);', 'CYBA(T147);', 'VIM(S10);', 'DNM1(S795);', 'AKT3(S472);', 'HDAC7(S181);', 'VIM(S26);', 'PRKD2(S710);', 'VIM(S27);', 'STAT3(S727);', 'ITGB4(S1494);'}"
KMOE-2::Midostaurin,130,54.61538461538461,13,15.384615384615385,"['VIM(S10);', 'ITGB2(T760);', 'MARCKS(S170);', 'IQGAP1(S1443);', 'IQGAP1(S1443);', 'CBL(S619);', 'HMGN1(S25);', 'ITGB4(S1494);', 'MARCKS(S163);', 'CYBA(T147);', 'MARCKS(S118);', 'MARCKS(S163);', 'SHC1(S139);', 'KIT(S746);', 'VIM(S26);', 'F11R(S284);', 'DNM1(S795);', 'MARCKS(S170);', 'PDE3A(S428);', 'KIT(S746);', 'EIF6(S235);', 'IQGAP1(S1443);', 'PA2G4(S363);', 'ATP1A1(S16);', 'CBL(S639);', 'VIM(S27);', 'VIM(S42);', 'VIM(S51);', 'MARCKS(S163);', 'MARCKS(S101);', 'MARCKS(S46);', 'HMGN2(S29);', 'PTPN12(S435);', 'HLA-A(S359);', 'CDC42EP4(S18);', 'SHC1(S139);', 'LMNA(S403);', 'ATP1A1(S16);', 'MYH10(S1937);', 'AKT3(S472);', 'BAD(S118);', 'PRKD2(S710);', 'IQGAP1(S1443);', 'IQGAP1(S1443);', 'BAD(S99);', 'IQGAP1(S1443);', 'STAT3(S727);', 'SHC1(S139);', 'BAD(S99);', 'BAD(S118);', 'STMN1(S38);', 'STMN1(S25);', 'LASP1(S146);', 'EIF6(S235);', 'MARCKS(S170);', 'STMN1(S38);', 'BTK(S180);', 'MARCKS(S163);', 'PA2G4(S363);', 'STMN1(S25);', 'ARHGEF6(S225);', 'PRKD2(S710);', 'BAD(S118);', 'HDAC7(S181);', 'HDAC7(S155);', 'ARFIP1(S132);', 'BAD(S99);', 'HDAC7(S155);', 'KIDINS220(S918);', 'HSP90AA1(T603);', 'PA2G4(S363);']",71,2.8169014084507045,"['MARCKS(S170);', 'SHC1(S139);']","{'VIM(S51);', 'HDAC7(S155);', 'ARFIP1(S132);', 'LMNA(S403);', 'HMGN2(S29);', 'LASP1(S146);', 'MARCKS(S101);', 'ARHGEF6(S225);', 'IQGAP1(S1443);', 'PA2G4(S363);', 'KIT(S746);', 'HLA-A(S359);', 'STMN1(S25);', 'KIDINS220(S918);', 'MARCKS(S118);', 'PTPN12(S435);', 'BAD(S99);', 'CDC42EP4(S18);', 'BAD(S118);', 'STMN1(S38);', 'PDE3A(S428);', 'F11R(S284);', 'ITGB2(T760);', 'ATP1A1(S16);', 'MARCKS(S46);', 'MYH10(S1937);', 'BTK(S180);', 'HSP90AA1(T603);', 'CBL(S639);', 'CBL(S619);', 'HMGN1(S25);', 'VIM(S42);', 'MARCKS(S163);', 'EIF6(S235);', 'CYBA(T147);', 'VIM(S10);', 'DNM1(S795);', 'AKT3(S472);', 'HDAC7(S181);', 'VIM(S26);', 'PRKD2(S710);', 'VIM(S27);', 'STAT3(S727);', 'ITGB4(S1494);'}"
OCI-AML2::Midostaurin,130,54.61538461538461,13,15.384615384615385,"['VIM(S10);', 'ITGB2(T760);', 'MARCKS(S170);', 'IQGAP1(S1443);', 'IQGAP1(S1443);', 'CBL(S619);', 'HMGN1(S25);', 'ITGB4(S1494);', 'MARCKS(S163);', 'CYBA(T147);', 'MARCKS(S118);', 'MARCKS(S163);', 'SHC1(S139);', 'KIT(S746);', 'VIM(S26);', 'F11R(S284);', 'DNM1(S795);', 'MARCKS(S170);', 'PDE3A(S428);', 'KIT(S746);', 'EIF6(S235);', 'IQGAP1(S1443);', 'PA2G4(S363);', 'ATP1A1(S16);', 'CBL(S639);', 'VIM(S27);', 'VIM(S42);', 'VIM(S51);', 'MARCKS(S163);', 'MARCKS(S101);', 'MARCKS(S46);', 'HMGN2(S29);', 'PTPN12(S435);', 'HLA-A(S359);', 'CDC42EP4(S18);', 'SHC1(S139);', 'LMNA(S403);', 'ATP1A1(S16);', 'MYH10(S1937);', 'AKT3(S472);', 'BAD(S118);', 'PRKD2(S710);', 'IQGAP1(S1443);', 'IQGAP1(S1443);', 'BAD(S99);', 'IQGAP1(S1443);', 'STAT3(S727);', 'SHC1(S139);', 'BAD(S99);', 'BAD(S118);', 'STMN1(S38);', 'STMN1(S25);', 'LASP1(S146);', 'EIF6(S235);', 'MARCKS(S170);', 'STMN1(S38);', 'BTK(S180);', 'MARCKS(S163);', 'PA2G4(S363);', 'STMN1(S25);', 'ARHGEF6(S225);', 'PRKD2(S710);', 'BAD(S118);', 'HDAC7(S181);', 'HDAC7(S155);', 'ARFIP1(S132);', 'BAD(S99);', 'HDAC7(S155);', 'KIDINS220(S918);', 'HSP90AA1(T603);', 'PA2G4(S363);']",71,2.8169014084507045,"['IQGAP1(S1443);', 'PTPN12(S435);']","{'VIM(S51);', 'HDAC7(S155);', 'ARFIP1(S132);', 'LMNA(S403);', 'HMGN2(S29);', 'LASP1(S146);', 'MARCKS(S101);', 'MARCKS(S170);', 'ARHGEF6(S225);', 'PA2G4(S363);', 'KIT(S746);', 'HLA-A(S359);', 'STMN1(S25);', 'KIDINS220(S918);', 'MARCKS(S118);', 'SHC1(S139);', 'BAD(S99);', 'CDC42EP4(S18);', 'BAD(S118);', 'STMN1(S38);', 'PDE3A(S428);', 'F11R(S284);', 'ITGB2(T760);', 'ATP1A1(S16);', 'MARCKS(S46);', 'MYH10(S1937);', 'BTK(S180);', 'HSP90AA1(T603);', 'CBL(S639);', 'CBL(S619);', 'HMGN1(S25);', 'VIM(S42);', 'MARCKS(S163);', 'EIF6(S235);', 'CYBA(T147);', 'VIM(S10);', 'DNM1(S795);', 'AKT3(S472);', 'HDAC7(S181);', 'VIM(S26);', 'PRKD2(S710);', 'VIM(S27);', 'STAT3(S727);', 'ITGB4(S1494);'}"
OE33::Midostaurin,130,54.61538461538461,13,15.384615384615385,"['VIM(S10);', 'ITGB2(T760);', 'MARCKS(S170);', 'IQGAP1(S1443);', 'IQGAP1(S1443);', 'CBL(S619);', 'HMGN1(S25);', 'ITGB4(S1494);', 'MARCKS(S163);', 'CYBA(T147);', 'MARCKS(S118);', 'MARCKS(S163);', 'SHC1(S139);', 'KIT(S746);', 'VIM(S26);', 'F11R(S284);', 'DNM1(S795);', 'MARCKS(S170);', 'PDE3A(S428);', 'KIT(S746);', 'EIF6(S235);', 'IQGAP1(S1443);', 'PA2G4(S363);', 'ATP1A1(S16);', 'CBL(S639);', 'VIM(S27);', 'VIM(S42);', 'VIM(S51);', 'MARCKS(S163);', 'MARCKS(S101);', 'MARCKS(S46);', 'HMGN2(S29);', 'PTPN12(S435);', 'HLA-A(S359);', 'CDC42EP4(S18);', 'SHC1(S139);', 'LMNA(S403);', 'ATP1A1(S16);', 'MYH10(S1937);', 'AKT3(S472);', 'BAD(S118);', 'PRKD2(S710);', 'IQGAP1(S1443);', 'IQGAP1(S1443);', 'BAD(S99);', 'IQGAP1(S1443);', 'STAT3(S727);', 'SHC1(S139);', 'BAD(S99);', 'BAD(S118);', 'STMN1(S38);', 'STMN1(S25);', 'LASP1(S146);', 'EIF6(S235);', 'MARCKS(S170);', 'STMN1(S38);', 'BTK(S180);', 'MARCKS(S163);', 'PA2G4(S363);', 'STMN1(S25);', 'ARHGEF6(S225);', 'PRKD2(S710);', 'BAD(S118);', 'HDAC7(S181);', 'HDAC7(S155);', 'ARFIP1(S132);', 'BAD(S99);', 'HDAC7(S155);', 'KIDINS220(S918);', 'HSP90AA1(T603);', 'PA2G4(S363);']",71,2.8169014084507045,"['SHC1(S139);', 'IQGAP1(S1443);']","{'VIM(S51);', 'HDAC7(S155);', 'ARFIP1(S132);', 'LMNA(S403);', 'HMGN2(S29);', 'LASP1(S146);', 'MARCKS(S101);', 'MARCKS(S170);', 'ARHGEF6(S225);', 'PA2G4(S363);', 'KIT(S746);', 'HLA-A(S359);', 'STMN1(S25);', 'KIDINS220(S918);', 'MARCKS(S118);', 'PTPN12(S435);', 'BAD(S99);', 'CDC42EP4(S18);', 'BAD(S118);', 'STMN1(S38);', 'PDE3A(S428);', 'F11R(S284);', 'ITGB2(T760);', 'ATP1A1(S16);', 'MARCKS(S46);', 'MYH10(S1937);', 'BTK(S180);', 'HSP90AA1(T603);', 'CBL(S639);', 'CBL(S619);', 'HMGN1(S25);', 'VIM(S42);', 'MARCKS(S163);', 'EIF6(S235);', 'CYBA(T147);', 'VIM(S10);', 'DNM1(S795);', 'AKT3(S472);', 'HDAC7(S181);', 'VIM(S26);', 'PRKD2(S710);', 'VIM(S27);', 'STAT3(S727);', 'ITGB4(S1494);'}"
SKM-1::Docetaxel,130,2.307692307692308,13,0.0,"['MYC(T58);', 'STAT3(S727);', 'FADD(S194);']",3,0.0,[],"{'STAT3(S727);', 'MYC(T58);', 'FADD(S194);'}"
MV-4-11::Talazoparib,130,8.461538461538462,13,0.0,"['PNKP(S126);', 'RAD50(S635);', 'NBN(S397);', 'UFL1(S462);', 'ABRAXAS1(S406);', 'BRCA1(S1542);', 'TP53BP1(T302);', 'EIF4EBP1(S112);', 'HNF1A(S249);', 'BRCA1(S1524);', 'BRCA1(S1524);']",11,0.0,[],"{'UFL1(S462);', 'TP53BP1(T302);', 'EIF4EBP1(S112);', 'NBN(S397);', 'PNKP(S126);', 'HNF1A(S249);', 'ABRAXAS1(S406);', 'BRCA1(S1542);', 'BRCA1(S1524);', 'RAD50(S635);'}"
SNU-398::Ruxolitinib,130,0.7692307692307693,13,0.0,['JAK2(S523);'],1,0.0,[],{'JAK2(S523);'}
OCI-M1::Sorafenib,130,3.076923076923077,13,0.0,"['BAD(S118);', 'MAPK6(S189);', 'MAPK7(S731);', 'MEF2D(S180);']",4,0.0,[],"{'MAPK6(S189);', 'MEF2D(S180);', 'MAPK7(S731);', 'BAD(S118);'}"
SNU-398::Docetaxel,130,2.307692307692308,13,0.0,"['MYC(T58);', 'STAT3(S727);', 'FADD(S194);']",3,0.0,[],"{'STAT3(S727);', 'MYC(T58);', 'FADD(S194);'}"
KMOE-2::Erlotinib,130,1.5384615384615385,13,0.0,"['STAT3(S727);', 'FADD(S194);']",2,0.0,[],"{'STAT3(S727);', 'FADD(S194);'}"
OCI-M1::Erlotinib,130,1.5384615384615385,13,0.0,"['STAT3(S727);', 'FADD(S194);']",2,0.0,[],"{'STAT3(S727);', 'FADD(S194);'}"
OE33::Docetaxel,130,2.307692307692308,13,0.0,"['MYC(T58);', 'STAT3(S727);', 'FADD(S194);']",3,0.0,[],"{'STAT3(S727);', 'MYC(T58);', 'FADD(S194);'}"
OCI-M1::Docetaxel,130,2.307692307692308,13,0.0,"['MYC(T58);', 'STAT3(S727);', 'FADD(S194);']",3,0.0,[],"{'STAT3(S727);', 'MYC(T58);', 'FADD(S194);'}"
SNU-387::Docetaxel,130,2.307692307692308,13,0.0,"['MYC(T58);', 'STAT3(S727);', 'FADD(S194);']",3,0.0,[],"{'STAT3(S727);', 'MYC(T58);', 'FADD(S194);'}"
SKM-1::Gefitinib,130,2.307692307692308,13,0.0,"['STAT1(S727);', 'STAT3(S727);', 'FADD(S194);']",3,0.0,[],"{'STAT3(S727);', 'FADD(S194);', 'STAT1(S727);'}"
KMOE-2::Docetaxel,130,2.307692307692308,13,0.0,"['MYC(T58);', 'STAT3(S727);', 'FADD(S194);']",3,0.0,[],"{'STAT3(S727);', 'MYC(T58);', 'FADD(S194);'}"
SNU-387::Ruxolitinib,130,0.7692307692307693,13,0.0,['JAK2(S523);'],1,0.0,[],{'JAK2(S523);'}
OE33::Ruxolitinib,130,0.7692307692307693,13,0.0,['JAK2(S523);'],1,0.0,[],{'JAK2(S523);'}
OCI-M1::Ruxolitinib,130,0.7692307692307693,13,0.0,['JAK2(S523);'],1,0.0,[],{'JAK2(S523);'}
OCI-AML2::Ruxolitinib,130,0.7692307692307693,13,0.0,['JAK2(S523);'],1,0.0,[],{'JAK2(S523);'}
MV-4-11::Ruxolitinib,130,0.7692307692307693,13,0.0,['JAK2(S523);'],1,0.0,[],{'JAK2(S523);'}
KMOE-2::Ruxolitinib,130,0.7692307692307693,13,0.0,['JAK2(S523);'],1,0.0,[],{'JAK2(S523);'}
SNU-398::Rucaparib,130,0.7692307692307693,13,0.0,['KMT2A(S516);'],1,0.0,[],{'KMT2A(S516);'}
SNU-387::Rucaparib,130,0.7692307692307693,13,0.0,['KMT2A(S516);'],1,0.0,[],{'KMT2A(S516);'}
OCI-AML2::Docetaxel,130,2.307692307692308,13,0.0,"['MYC(T58);', 'STAT3(S727);', 'FADD(S194);']",3,0.0,[],"{'STAT3(S727);', 'MYC(T58);', 'FADD(S194);'}"
SKM-1::Cisplatin,130,2.307692307692308,13,0.0,"['KMT2A(S516);', 'STAT3(S727);', 'FADD(S194);']",3,0.0,[],"{'STAT3(S727);', 'KMT2A(S516);', 'FADD(S194);'}"
SKM-1::Dabrafenib,130,4.615384615384616,13,0.0,"['MAPK1(T185);', 'TAL1(S122);', 'MAPK1(T185);', 'JUN(S63);', 'GATA2(S192);', 'JUN(S63);']",6,0.0,[],"{'GATA2(S192);', 'TAL1(S122);', 'MAPK1(T185);', 'JUN(S63);'}"
OCI-M1::Dabrafenib,130,4.615384615384616,13,0.0,"['MAPK1(T185);', 'TAL1(S122);', 'MAPK1(T185);', 'JUN(S63);', 'GATA2(S192);', 'JUN(S63);']",6,0.0,[],"{'GATA2(S192);', 'TAL1(S122);', 'MAPK1(T185);', 'JUN(S63);'}"
OCI-M1::Bleomycin,130,12.307692307692308,13,0.0,"['STAT3(S727);', 'EIF4ENIF1(S374);', 'STMN1(S38);', 'HSF1(S363);', 'JUN(S63);', 'SIRT1(S47);', 'BCL2L11(S77);', 'EIF4ENIF1(S587);', 'TWIST1(S68);', 'ATF2(T69);', 'MYC(S62);', 'ATF2(T69);', 'RCSD1(S68);', 'CDKN1A(S130);', 'CDC25C(S168);', 'IRS1(S636);']",16,0.0,[],"{'STMN1(S38);', 'EIF4ENIF1(S374);', 'MYC(S62);', 'RCSD1(S68);', 'BCL2L11(S77);', 'CDKN1A(S130);', 'HSF1(S363);', 'SIRT1(S47);', 'TWIST1(S68);', 'IRS1(S636);', 'CDC25C(S168);', 'JUN(S63);', 'EIF4ENIF1(S587);', 'STAT3(S727);', 'ATF2(T69);'}"
KMOE-2::Cabozantinib,130,2.307692307692308,13,0.0,"['JUN(S63);', 'GATA2(S192);', 'JUN(S63);']",3,0.0,[],"{'GATA2(S192);', 'JUN(S63);'}"
OCI-M1::Cabozantinib,130,2.307692307692308,13,0.0,"['JUN(S63);', 'GATA2(S192);', 'JUN(S63);']",3,0.0,[],"{'GATA2(S192);', 'JUN(S63);'}"
MV-4-11::Cetuximab,130,1.5384615384615385,13,0.0,"['TAL1(S122);', 'MAPK1(T185);']",2,0.0,[],"{'TAL1(S122);', 'MAPK1(T185);'}"
OCI-AML2::Cetuximab,130,1.5384615384615385,13,0.0,"['TAL1(S122);', 'MAPK1(T185);']",2,0.0,[],"{'TAL1(S122);', 'MAPK1(T185);'}"
OCI-M1::Cetuximab,130,1.5384615384615385,13,0.0,"['TAL1(S122);', 'MAPK1(T185);']",2,0.0,[],"{'TAL1(S122);', 'MAPK1(T185);'}"
OE33::Cetuximab,130,1.5384615384615385,13,0.0,"['TAL1(S122);', 'MAPK1(T185);']",2,0.0,[],"{'TAL1(S122);', 'MAPK1(T185);'}"
SKM-1::Cetuximab,130,1.5384615384615385,13,0.0,"['TAL1(S122);', 'MAPK1(T185);']",2,0.0,[],"{'TAL1(S122);', 'MAPK1(T185);'}"
SNU-398::Cetuximab,130,1.5384615384615385,13,0.0,"['TAL1(S122);', 'MAPK1(T185);']",2,0.0,[],"{'TAL1(S122);', 'MAPK1(T185);'}"
KMOE-2::Cisplatin,130,2.307692307692308,13,0.0,"['KMT2A(S516);', 'STAT3(S727);', 'FADD(S194);']",3,0.0,[],"{'STAT3(S727);', 'KMT2A(S516);', 'FADD(S194);'}"
OCI-AML2::Cisplatin,130,2.307692307692308,13,0.0,"['KMT2A(S516);', 'STAT3(S727);', 'FADD(S194);']",3,0.0,[],"{'STAT3(S727);', 'KMT2A(S516);', 'FADD(S194);'}"
OCI-M1::Cisplatin,130,2.307692307692308,13,0.0,"['KMT2A(S516);', 'STAT3(S727);', 'FADD(S194);']",3,0.0,[],"{'STAT3(S727);', 'KMT2A(S516);', 'FADD(S194);'}"
OE33::Cisplatin,130,2.307692307692308,13,0.0,"['KMT2A(S516);', 'STAT3(S727);', 'FADD(S194);']",3,0.0,[],"{'STAT3(S727);', 'KMT2A(S516);', 'FADD(S194);'}"
OE33::Rucaparib,130,0.7692307692307693,13,0.0,['KMT2A(S516);'],1,0.0,[],{'KMT2A(S516);'}
SNU-387::Cisplatin,130,2.307692307692308,13,0.0,"['KMT2A(S516);', 'STAT3(S727);', 'FADD(S194);']",3,0.0,[],"{'STAT3(S727);', 'KMT2A(S516);', 'FADD(S194);'}"
SNU-398::Cisplatin,130,2.307692307692308,13,0.0,"['KMT2A(S516);', 'STAT3(S727);', 'FADD(S194);']",3,0.0,[],"{'STAT3(S727);', 'KMT2A(S516);', 'FADD(S194);'}"
KMOE-2::Dabrafenib,130,4.615384615384616,13,0.0,"['MAPK1(T185);', 'TAL1(S122);', 'MAPK1(T185);', 'JUN(S63);', 'GATA2(S192);', 'JUN(S63);']",6,0.0,[],"{'GATA2(S192);', 'TAL1(S122);', 'MAPK1(T185);', 'JUN(S63);'}"
SKM-1::Rucaparib,130,0.7692307692307693,13,0.0,['KMT2A(S516);'],1,0.0,[],{'KMT2A(S516);'}
SKM-1::Erlotinib,130,1.5384615384615385,13,0.0,"['STAT3(S727);', 'FADD(S194);']",2,0.0,[],"{'STAT3(S727);', 'FADD(S194);'}"
OCI-M1::Rucaparib,130,0.7692307692307693,13,0.0,['KMT2A(S516);'],1,0.0,[],{'KMT2A(S516);'}
OE33::Gefitinib,130,2.307692307692308,13,0.0,"['STAT1(S727);', 'STAT3(S727);', 'FADD(S194);']",3,0.0,[],"{'STAT3(S727);', 'FADD(S194);', 'STAT1(S727);'}"
OE33::Fulvestrant,130,5.384615384615385,13,0.0,"['RB1(S811);', 'RUNX1(S276);', 'RUNX1(S249);', 'RUNX1(S21);', 'RBL2(S672);', 'RUNX1(S276);', 'CDKN1A(S130);']",7,0.0,[],"{'RUNX1(S249);', 'RB1(S811);', 'RUNX1(S21);', 'CDKN1A(S130);', 'RUNX1(S276);', 'RBL2(S672);'}"
SKM-1::Fulvestrant,130,5.384615384615385,13,0.0,"['RB1(S811);', 'RUNX1(S276);', 'RUNX1(S249);', 'RUNX1(S21);', 'RBL2(S672);', 'RUNX1(S276);', 'CDKN1A(S130);']",7,0.0,[],"{'RUNX1(S249);', 'RB1(S811);', 'RUNX1(S21);', 'CDKN1A(S130);', 'RUNX1(S276);', 'RBL2(S672);'}"
SNU-387::Fulvestrant,130,5.384615384615385,13,0.0,"['RB1(S811);', 'RUNX1(S276);', 'RUNX1(S249);', 'RUNX1(S21);', 'RBL2(S672);', 'RUNX1(S276);', 'CDKN1A(S130);']",7,0.0,[],"{'RUNX1(S249);', 'RB1(S811);', 'RUNX1(S21);', 'CDKN1A(S130);', 'RUNX1(S276);', 'RBL2(S672);'}"
KMOE-2::Gefitinib,130,2.307692307692308,13,0.0,"['STAT1(S727);', 'STAT3(S727);', 'FADD(S194);']",3,0.0,[],"{'STAT3(S727);', 'FADD(S194);', 'STAT1(S727);'}"
MV-4-11::Gefitinib,130,2.307692307692308,13,0.0,"['STAT1(S727);', 'STAT3(S727);', 'FADD(S194);']",3,0.0,[],"{'STAT3(S727);', 'FADD(S194);', 'STAT1(S727);'}"
OCI-AML2::Gefitinib,130,2.307692307692308,13,0.0,"['STAT1(S727);', 'STAT3(S727);', 'FADD(S194);']",3,0.0,[],"{'STAT3(S727);', 'FADD(S194);', 'STAT1(S727);'}"
OCI-M1::Gefitinib,130,2.307692307692308,13,0.0,"['STAT1(S727);', 'STAT3(S727);', 'FADD(S194);']",3,0.0,[],"{'STAT3(S727);', 'FADD(S194);', 'STAT1(S727);'}"
SKM-1::Lapatinib,130,0.7692307692307693,13,0.0,['EEF2K(S445);'],1,0.0,[],{'EEF2K(S445);'}
OCI-M1::Lapatinib,130,0.7692307692307693,13,0.0,['EEF2K(S445);'],1,0.0,[],{'EEF2K(S445);'}
MV-4-11::Lapatinib,130,0.7692307692307693,13,0.0,['EEF2K(S445);'],1,0.0,[],{'EEF2K(S445);'}
SNU-398::Fedratinib,130,0.7692307692307693,13,0.0,['JAK2(S523);'],1,0.0,[],{'JAK2(S523);'}
KMOE-2::Lapatinib,130,0.7692307692307693,13,0.0,['EEF2K(S445);'],1,0.0,[],{'EEF2K(S445);'}
SNU-398::Idelalisib,130,0.7692307692307693,13,0.0,['PIK3CD(S1039);'],1,0.0,[],{'PIK3CD(S1039);'}
SNU-387::Idelalisib,130,0.7692307692307693,13,0.0,['PIK3CD(S1039);'],1,0.0,[],{'PIK3CD(S1039);'}
OE33::Idelalisib,130,0.7692307692307693,13,0.0,['PIK3CD(S1039);'],1,0.0,[],{'PIK3CD(S1039);'}
OCI-M1::Idelalisib,130,0.7692307692307693,13,0.0,['PIK3CD(S1039);'],1,0.0,[],{'PIK3CD(S1039);'}
OCI-AML2::Idelalisib,130,0.7692307692307693,13,0.0,['PIK3CD(S1039);'],1,0.0,[],{'PIK3CD(S1039);'}
MV-4-11::Idelalisib,130,0.7692307692307693,13,0.0,['PIK3CD(S1039);'],1,0.0,[],{'PIK3CD(S1039);'}
KMOE-2::Idelalisib,130,0.7692307692307693,13,0.0,['PIK3CD(S1039);'],1,0.0,[],{'PIK3CD(S1039);'}
SNU-398::Gefitinib,130,2.307692307692308,13,0.0,"['STAT1(S727);', 'STAT3(S727);', 'FADD(S194);']",3,0.0,[],"{'STAT3(S727);', 'FADD(S194);', 'STAT1(S727);'}"
OCI-M1::Fulvestrant,130,5.384615384615385,13,0.0,"['RB1(S811);', 'RUNX1(S276);', 'RUNX1(S249);', 'RUNX1(S21);', 'RBL2(S672);', 'RUNX1(S276);', 'CDKN1A(S130);']",7,0.0,[],"{'RUNX1(S249);', 'RB1(S811);', 'RUNX1(S21);', 'CDKN1A(S130);', 'RUNX1(S276);', 'RBL2(S672);'}"
KMOE-2::Paclitaxel,130,1.5384615384615385,13,0.0,"['STAT3(S727);', 'FADD(S194);']",2,0.0,[],"{'STAT3(S727);', 'FADD(S194);'}"
OCI-AML2::Rucaparib,130,0.7692307692307693,13,0.0,['KMT2A(S516);'],1,0.0,[],{'KMT2A(S516);'}
KMOE-2::Fedratinib,130,0.7692307692307693,13,0.0,['JAK2(S523);'],1,0.0,[],{'JAK2(S523);'}
SNU-387::Gefitinib,130,2.307692307692308,13,0.0,"['STAT1(S727);', 'STAT3(S727);', 'FADD(S194);']",3,0.0,[],"{'STAT3(S727);', 'FADD(S194);', 'STAT1(S727);'}"
KMOE-2::Rucaparib,130,0.7692307692307693,13,0.0,['KMT2A(S516);'],1,0.0,[],{'KMT2A(S516);'}
SNU-398::Pazopanib,130,1.5384615384615385,13,0.0,"['PPP1CC(T307);', 'SGO1(S507);']",2,0.0,[],"{'PPP1CC(T307);', 'SGO1(S507);'}"
SNU-387::Pazopanib,130,1.5384615384615385,13,0.0,"['PPP1CC(T307);', 'SGO1(S507);']",2,0.0,[],"{'PPP1CC(T307);', 'SGO1(S507);'}"
OE33::Pazopanib,130,1.5384615384615385,13,0.0,"['PPP1CC(T307);', 'SGO1(S507);']",2,0.0,[],"{'PPP1CC(T307);', 'SGO1(S507);'}"
OCI-M1::Pazopanib,130,1.5384615384615385,13,0.0,"['PPP1CC(T307);', 'SGO1(S507);']",2,0.0,[],"{'PPP1CC(T307);', 'SGO1(S507);'}"
OCI-AML2::Pazopanib,130,1.5384615384615385,13,0.0,"['PPP1CC(T307);', 'SGO1(S507);']",2,0.0,[],"{'PPP1CC(T307);', 'SGO1(S507);'}"
MV-4-11::Pazopanib,130,1.5384615384615385,13,0.0,"['PPP1CC(T307);', 'SGO1(S507);']",2,0.0,[],"{'PPP1CC(T307);', 'SGO1(S507);'}"
KMOE-2::Pazopanib,130,1.5384615384615385,13,0.0,"['PPP1CC(T307);', 'SGO1(S507);']",2,0.0,[],"{'PPP1CC(T307);', 'SGO1(S507);'}"
MV-4-11::Fedratinib,130,0.7692307692307693,13,0.0,['JAK2(S523);'],1,0.0,[],{'JAK2(S523);'}
MV-4-11::Paclitaxel,130,1.5384615384615385,13,0.0,"['STAT3(S727);', 'FADD(S194);']",2,0.0,[],"{'STAT3(S727);', 'FADD(S194);'}"
SKM-1::Palbociclib,130,9.230769230769232,13,0.0,"['RB1(S811);', 'RUNX1(S276);', 'RUNX1(S249);', 'RUNX1(S21);', 'RBL2(S672);', 'RUNX1(S276);', 'CDKN1A(S130);', 'RB1(T826);', 'RB1(S811);', 'RB1(S249);', 'RBL1(S650);', 'HNF1A(S249);']",12,0.0,[],"{'RUNX1(S249);', 'RB1(S811);', 'CDKN1A(S130);', 'HNF1A(S249);', 'RBL2(S672);', 'RB1(T826);', 'RB1(S249);', 'RUNX1(S21);', 'RBL1(S650);', 'RUNX1(S276);'}"
OCI-AML2::Fedratinib,130,0.7692307692307693,13,0.0,['JAK2(S523);'],1,0.0,[],{'JAK2(S523);'}
OCI-M1::Palbociclib,130,9.230769230769232,13,0.0,"['RB1(S811);', 'RUNX1(S276);', 'RUNX1(S249);', 'RUNX1(S21);', 'RBL2(S672);', 'RUNX1(S276);', 'CDKN1A(S130);', 'RB1(T826);', 'RB1(S811);', 'RB1(S249);', 'RBL1(S650);', 'HNF1A(S249);']",12,0.0,[],"{'RUNX1(S249);', 'RB1(S811);', 'CDKN1A(S130);', 'HNF1A(S249);', 'RBL2(S672);', 'RB1(T826);', 'RB1(S249);', 'RUNX1(S21);', 'RBL1(S650);', 'RUNX1(S276);'}"
OCI-M1::Fedratinib,130,0.7692307692307693,13,0.0,['JAK2(S523);'],1,0.0,[],{'JAK2(S523);'}
OE33::Fedratinib,130,0.7692307692307693,13,0.0,['JAK2(S523);'],1,0.0,[],{'JAK2(S523);'}
SNU-387::Fedratinib,130,0.7692307692307693,13,0.0,['JAK2(S523);'],1,0.0,[],{'JAK2(S523);'}
SKM-1::Paclitaxel,130,1.5384615384615385,13,0.0,"['STAT3(S727);', 'FADD(S194);']",2,0.0,[],"{'STAT3(S727);', 'FADD(S194);'}"
OCI-M1::Paclitaxel,130,1.5384615384615385,13,0.0,"['STAT3(S727);', 'FADD(S194);']",2,0.0,[],"{'STAT3(S727);', 'FADD(S194);'}"
OCI-AML2::Paclitaxel,130,1.5384615384615385,13,0.0,"['STAT3(S727);', 'FADD(S194);']",2,0.0,[],"{'STAT3(S727);', 'FADD(S194);'}"
OCI-AML2::Lapatinib,130,0.7692307692307693,13,0.0,['EEF2K(S445);'],1,0.0,[],{'EEF2K(S445);'}
